Date,HomeTeam,AwayTeam,FTHG,FTAG,FTR,HTHG,HTAG,HTR,HS,AS,HST,AST,HC,AC,HF,AF,HY,AY,HR,AR,Season
13/08/2021,Brentford,Arsenal,2,0,H,1,0,H,8,22,3,4,2,5,12,8,0,0,0,0,2021-2022
14/08/2021,Man United,Leeds,5,1,H,1,0,H,16,10,8,3,5,4,11,9,1,2,0,0,2021-2022
14/08/2021,Burnley,Brighton,1,2,A,1,0,H,14,14,3,8,7,6,10,7,2,1,0,0,2021-2022
14/08/2021,Chelsea,Crystal Palace,3,0,H,2,0,H,13,4,6,1,5,2,15,11,0,0,0,0,2021-2022
14/08/2021,Everton,Southampton,3,1,H,0,1,A,14,6,6,3,6,8,13,15,2,0,0,0,2021-2022
14/08/2021,Leicester,Wolves,1,0,H,1,0,H,9,17,5,3,5,4,6,10,1,2,0,0,2021-2022
14/08/2021,Watford,Aston Villa,3,2,H,2,0,H,13,11,7,2,2,4,18,13,3,1,0,0,2021-2022
14/08/2021,Norwich,Liverpool,0,3,A,0,1,A,14,19,3,8,3,11,4,14,1,1,0,0,2021-2022
15/08/2021,Newcastle,West Ham,2,4,A,2,1,H,17,8,3,9,7,6,4,3,1,0,0,0,2021-2022
15/08/2021,Tottenham,Man City,1,0,H,0,0,D,13,18,3,4,3,11,11,8,2,1,0,0,2021-2022
21/08/2021,Liverpool,Burnley,2,0,H,1,0,H,27,9,9,3,8,4,6,12,0,0,0,0,2021-2022
21/08/2021,Aston Villa,Newcastle,2,0,H,1,0,H,10,9,2,1,3,4,8,18,3,4,0,0,2021-2022
21/08/2021,Crystal Palace,Brentford,0,0,D,0,0,D,7,14,2,3,3,5,12,9,3,1,0,0,2021-2022
21/08/2021,Leeds,Everton,2,2,D,1,1,D,17,17,4,8,8,5,6,13,2,4,0,0,2021-2022
21/08/2021,Man City,Norwich,5,0,H,2,0,H,16,1,4,0,6,1,13,7,1,0,0,0,2021-2022
21/08/2021,Brighton,Watford,2,0,H,2,0,H,13,10,3,1,7,2,11,6,4,0,0,0,2021-2022
22/08/2021,Southampton,Man United,1,1,D,1,0,H,8,15,3,4,7,7,12,10,2,3,0,0,2021-2022
22/08/2021,Wolves,Tottenham,0,1,A,0,1,A,25,8,6,6,5,4,9,7,1,4,0,0,2021-2022
22/08/2021,Arsenal,Chelsea,0,2,A,0,2,A,6,22,3,5,9,8,10,4,3,0,0,0,2021-2022
23/08/2021,West Ham,Leicester,4,1,H,1,0,H,13,5,7,1,10,0,8,8,0,1,0,1,2021-2022
28/08/2021,Man City,Arsenal,5,0,H,3,0,H,25,1,10,0,14,0,5,7,1,2,0,1,2021-2022
28/08/2021,Aston Villa,Brentford,1,1,D,1,1,D,7,9,5,2,3,2,15,14,3,3,0,0,2021-2022
28/08/2021,Brighton,Everton,0,2,A,0,1,A,14,14,3,5,4,5,7,9,1,2,0,0,2021-2022
28/08/2021,Newcastle,Southampton,2,2,D,0,0,D,10,22,5,6,4,4,11,6,3,3,0,0,2021-2022
28/08/2021,Norwich,Leicester,1,2,A,1,1,D,14,9,4,3,9,9,8,9,2,1,0,0,2021-2022
28/08/2021,West Ham,Crystal Palace,2,2,D,1,0,H,14,9,4,2,5,3,10,7,1,0,0,0,2021-2022
28/08/2021,Liverpool,Chelsea,1,1,D,1,1,D,24,6,7,3,12,3,13,4,0,2,0,1,2021-2022
29/08/2021,Burnley,Leeds,1,1,D,0,0,D,12,12,3,2,5,5,13,9,4,3,0,0,2021-2022
29/08/2021,Tottenham,Watford,1,0,H,1,0,H,15,9,8,2,10,3,8,14,3,3,0,0,2021-2022
29/08/2021,Wolves,Man United,0,1,A,0,0,D,15,10,6,3,5,7,7,9,3,4,0,0,2021-2022
11/09/2021,Crystal Palace,Tottenham,3,0,H,0,0,D,18,2,4,1,8,2,13,15,2,1,0,1,2021-2022
11/09/2021,Arsenal,Norwich,1,0,H,0,0,D,30,10,7,1,8,4,9,11,1,2,0,0,2021-2022
11/09/2021,Brentford,Brighton,0,1,A,0,0,D,7,4,1,2,1,6,9,12,3,2,0,0,2021-2022
11/09/2021,Leicester,Man City,0,1,A,0,0,D,6,25,1,8,5,8,4,11,1,2,0,0,2021-2022
11/09/2021,Man United,Newcastle,4,1,H,1,0,H,21,12,7,3,7,3,9,2,1,0,0,0,2021-2022
11/09/2021,Southampton,West Ham,0,0,D,0,0,D,11,13,3,3,5,4,10,12,3,1,0,1,2021-2022
11/09/2021,Watford,Wolves,0,2,A,0,0,D,6,14,2,5,6,8,15,13,3,3,0,0,2021-2022
11/09/2021,Chelsea,Aston Villa,3,0,H,1,0,H,12,18,4,6,4,11,11,11,1,4,0,0,2021-2022
12/09/2021,Leeds,Liverpool,0,3,A,0,1,A,9,30,4,9,2,11,9,8,2,1,1,0,2021-2022
13/09/2021,Everton,Burnley,3,1,H,0,0,D,14,11,6,6,4,6,3,6,1,1,0,0,2021-2022
17/09/2021,Newcastle,Leeds,1,1,D,1,1,D,17,22,7,9,4,5,9,11,2,2,0,0,2021-2022
18/09/2021,Wolves,Brentford,0,2,A,0,2,A,11,9,0,3,4,2,10,7,4,2,0,1,2021-2022
18/09/2021,Burnley,Arsenal,0,1,A,0,1,A,18,13,3,3,8,3,9,8,2,1,0,0,2021-2022
18/09/2021,Liverpool,Crystal Palace,3,0,H,1,0,H,25,13,10,2,10,5,17,11,3,1,0,0,2021-2022
18/09/2021,Man City,Southampton,0,0,D,0,0,D,18,10,1,2,8,5,5,12,0,2,0,0,2021-2022
18/09/2021,Norwich,Watford,1,3,A,1,1,D,12,12,5,8,4,8,10,14,1,1,0,0,2021-2022
18/09/2021,Aston Villa,Everton,3,0,H,0,0,D,15,11,3,1,5,4,7,10,1,1,0,0,2021-2022
19/09/2021,Brighton,Leicester,2,1,H,1,0,H,12,14,5,3,4,9,8,10,2,1,0,0,2021-2022
19/09/2021,West Ham,Man United,1,2,A,1,1,D,13,17,4,10,2,11,5,8,0,0,0,0,2021-2022
19/09/2021,Tottenham,Chelsea,0,3,A,0,0,D,8,20,2,10,5,11,4,15,0,1,0,0,2021-2022
25/09/2021,Chelsea,Man City,0,1,A,0,0,D,5,15,0,4,4,13,12,10,3,2,0,0,2021-2022
25/09/2021,Man United,Aston Villa,0,1,A,0,0,D,28,7,4,3,5,5,9,13,2,2,0,0,2021-2022
25/09/2021,Everton,Norwich,2,0,H,1,0,H,11,10,4,2,6,4,12,9,2,3,0,0,2021-2022
25/09/2021,Leeds,West Ham,1,2,A,1,0,H,15,20,5,7,5,7,10,6,3,2,0,0,2021-2022
25/09/2021,Leicester,Burnley,2,2,D,1,2,A,22,9,5,3,8,4,10,8,2,4,0,0,2021-2022
25/09/2021,Watford,Newcastle,1,1,D,0,1,A,15,20,4,6,5,6,19,12,4,3,0,0,2021-2022
25/09/2021,Brentford,Liverpool,3,3,D,1,1,D,12,16,4,6,2,11,8,7,1,1,0,0,2021-2022
26/09/2021,Southampton,Wolves,0,1,A,0,0,D,18,5,6,3,5,5,12,8,0,0,0,0,2021-2022
26/09/2021,Arsenal,Tottenham,3,1,H,3,0,H,12,10,7,4,4,4,12,13,2,1,0,0,2021-2022
27/09/2021,Crystal Palace,Brighton,1,1,D,1,0,H,8,8,3,4,6,5,12,10,2,3,0,0,2021-2022
02/10/2021,Man United,Everton,1,1,D,1,0,H,13,12,6,2,10,1,10,9,1,1,0,0,2021-2022
02/10/2021,Burnley,Norwich,0,0,D,0,0,D,14,10,4,2,9,5,13,3,5,2,0,0,2021-2022
02/10/2021,Chelsea,Southampton,3,1,H,1,0,H,20,6,9,2,7,2,11,13,1,3,0,1,2021-2022
02/10/2021,Leeds,Watford,1,0,H,1,0,H,20,5,4,1,6,3,10,16,0,3,0,0,2021-2022
02/10/2021,Wolves,Newcastle,2,1,H,1,1,D,7,8,3,2,0,4,15,5,0,2,0,0,2021-2022
02/10/2021,Brighton,Arsenal,0,0,D,0,0,D,21,8,2,2,8,5,8,5,2,1,0,0,2021-2022
03/10/2021,Crystal Palace,Leicester,2,2,D,0,2,A,18,9,4,5,1,3,15,11,2,3,0,0,2021-2022
03/10/2021,Tottenham,Aston Villa,2,1,H,1,0,H,17,14,8,3,5,8,11,14,2,1,0,0,2021-2022
03/10/2021,West Ham,Brentford,1,2,A,0,1,A,18,13,5,6,11,6,16,13,2,3,0,0,2021-2022
03/10/2021,Liverpool,Man City,2,2,D,0,0,D,6,12,4,3,3,4,10,12,3,3,0,0,2021-2022
16/10/2021,Watford,Liverpool,0,5,A,0,2,A,6,19,2,8,1,9,4,10,0,0,0,0,2021-2022
16/10/2021,Aston Villa,Wolves,2,3,A,0,0,D,14,9,5,4,6,7,8,17,2,3,0,0,2021-2022
16/10/2021,Leicester,Man United,4,2,H,1,1,D,22,18,11,6,4,3,5,17,0,3,0,0,2021-2022
16/10/2021,Man City,Burnley,2,0,H,1,0,H,15,7,6,2,6,2,11,5,1,0,0,0,2021-2022
16/10/2021,Norwich,Brighton,0,0,D,0,0,D,15,11,3,3,8,4,5,14,3,5,0,0,2021-2022
16/10/2021,Southampton,Leeds,1,0,H,0,0,D,19,3,5,0,8,1,16,14,2,3,0,0,2021-2022
16/10/2021,Brentford,Chelsea,0,1,A,0,1,A,17,5,7,1,5,5,13,8,1,1,0,0,2021-2022
17/10/2021,Everton,West Ham,0,1,A,0,0,D,15,16,2,4,7,9,3,3,0,2,0,0,2021-2022
17/10/2021,Newcastle,Tottenham,2,3,A,1,3,A,7,14,1,4,2,9,13,4,4,1,1,0,2021-2022
18/10/2021,Arsenal,Crystal Palace,2,2,D,1,0,H,17,9,6,6,6,4,7,4,1,1,0,0,2021-2022
22/10/2021,Arsenal,Aston Villa,3,1,H,2,0,H,22,10,9,4,7,4,17,10,2,5,0,0,2021-2022
23/10/2021,Chelsea,Norwich,7,0,H,3,0,H,23,3,13,1,5,0,14,16,0,2,0,1,2021-2022
23/10/2021,Crystal Palace,Newcastle,1,1,D,0,0,D,15,6,3,2,3,7,13,9,3,4,0,0,2021-2022
23/10/2021,Everton,Watford,2,5,A,1,1,D,15,20,4,8,3,5,9,13,4,3,0,0,2021-2022
23/10/2021,Leeds,Wolves,1,1,D,0,1,A,18,8,4,4,6,3,15,14,2,3,0,0,2021-2022
23/10/2021,Southampton,Burnley,2,2,D,1,1,D,16,9,4,5,6,2,10,11,1,3,0,0,2021-2022
23/10/2021,Brighton,Man City,1,4,A,0,3,A,10,23,5,14,7,6,10,6,2,3,0,0,2021-2022
24/10/2021,Brentford,Leicester,1,2,A,0,1,A,15,10,5,6,9,2,13,7,1,1,0,0,2021-2022
24/10/2021,West Ham,Tottenham,1,0,H,0,0,D,13,7,4,4,2,4,11,4,2,1,0,0,2021-2022
24/10/2021,Man United,Liverpool,0,5,A,0,4,A,12,19,4,8,6,3,10,8,6,0,1,0,2021-2022
30/10/2021,Leicester,Arsenal,0,2,A,0,2,A,16,9,8,5,7,6,8,11,2,0,0,0,2021-2022
30/10/2021,Burnley,Brentford,3,1,H,3,0,H,15,12,6,5,4,2,7,10,1,1,0,0,2021-2022
30/10/2021,Liverpool,Brighton,2,2,D,2,1,H,14,9,3,6,5,3,8,5,2,2,0,0,2021-2022
30/10/2021,Man City,Crystal Palace,0,2,A,0,1,A,14,8,3,3,7,1,11,11,2,3,1,0,2021-2022
30/10/2021,Newcastle,Chelsea,0,3,A,0,0,D,6,19,1,6,0,2,14,12,3,2,0,0,2021-2022
30/10/2021,Watford,Southampton,0,1,A,0,1,A,10,12,4,1,5,8,16,6,2,2,0,0,2021-2022
30/10/2021,Tottenham,Man United,0,3,A,0,1,A,9,10,0,4,10,2,12,14,2,3,0,0,2021-2022
31/10/2021,Norwich,Leeds,1,2,A,0,0,D,14,13,3,6,5,0,14,23,1,4,0,0,2021-2022
31/10/2021,Aston Villa,West Ham,1,4,A,1,2,A,9,21,3,9,3,6,7,13,1,2,1,0,2021-2022
01/11/2021,Wolves,Everton,2,1,H,2,0,H,10,14,4,5,4,3,10,8,1,1,0,0,2021-2022
05/11/2021,Southampton,Aston Villa,1,0,H,1,0,H,9,14,3,3,10,8,12,12,2,2,0,0,2021-2022
06/11/2021,Man United,Man City,0,2,A,0,2,A,5,16,1,5,1,9,9,12,1,2,0,0,2021-2022
06/11/2021,Brentford,Norwich,1,2,A,0,2,A,19,9,7,5,6,2,12,13,2,3,0,0,2021-2022
06/11/2021,Chelsea,Burnley,1,1,D,1,0,H,25,5,4,2,14,2,6,9,1,4,0,0,2021-2022
06/11/2021,Crystal Palace,Wolves,2,0,H,0,0,D,13,4,6,2,4,6,14,13,2,1,0,0,2021-2022
06/11/2021,Brighton,Newcastle,1,1,D,1,0,H,14,6,5,1,2,5,16,10,3,4,1,0,2021-2022
07/11/2021,Arsenal,Watford,1,0,H,0,0,D,14,7,6,1,4,2,6,19,4,2,0,1,2021-2022
07/11/2021,Everton,Tottenham,0,0,D,0,0,D,12,8,2,0,4,2,13,17,2,4,1,0,2021-2022
07/11/2021,Leeds,Leicester,1,1,D,1,1,D,18,9,5,3,10,5,12,5,1,1,0,0,2021-2022
07/11/2021,West Ham,Liverpool,3,2,H,1,1,D,7,16,3,5,3,2,11,6,1,1,0,0,2021-2022
20/11/2021,Leicester,Chelsea,0,3,A,0,2,A,4,16,3,7,3,5,15,8,3,1,0,0,2021-2022
20/11/2021,Aston Villa,Brighton,2,0,H,0,0,D,9,6,5,2,5,7,7,13,3,3,0,0,2021-2022
20/11/2021,Burnley,Crystal Palace,3,3,D,2,3,A,15,18,9,8,3,6,14,15,2,3,0,0,2021-2022
20/11/2021,Newcastle,Brentford,3,3,D,2,2,D,23,10,9,4,8,2,13,11,2,2,0,0,2021-2022
20/11/2021,Norwich,Southampton,2,1,H,1,1,D,8,17,4,5,5,7,8,9,3,2,0,0,2021-2022
20/11/2021,Watford,Man United,4,1,H,2,0,H,20,9,7,3,9,3,7,5,2,1,0,1,2021-2022
20/11/2021,Wolves,West Ham,1,0,H,0,0,D,15,8,5,3,7,3,6,9,1,1,0,0,2021-2022
20/11/2021,Liverpool,Arsenal,4,0,H,1,0,H,19,5,9,3,6,1,15,12,2,0,0,0,2021-2022
21/11/2021,Man City,Everton,3,0,H,1,0,H,17,4,7,1,7,1,5,7,1,1,0,0,2021-2022
21/11/2021,Tottenham,Leeds,2,1,H,0,1,A,13,18,4,7,4,8,11,12,1,4,0,0,2021-2022
27/11/2021,Arsenal,Newcastle,2,0,H,0,0,D,24,9,6,5,4,4,6,12,1,3,0,0,2021-2022
27/11/2021,Crystal Palace,Aston Villa,1,2,A,0,1,A,8,10,3,3,7,3,12,10,3,3,0,0,2021-2022
27/11/2021,Liverpool,Southampton,4,0,H,3,0,H,20,7,6,3,5,7,7,14,0,1,0,0,2021-2022
27/11/2021,Norwich,Wolves,0,0,D,0,0,D,14,5,4,2,4,3,11,10,2,2,0,0,2021-2022
27/11/2021,Brighton,Leeds,0,0,D,0,0,D,20,11,4,4,6,1,12,14,1,3,0,0,2021-2022
28/11/2021,Brentford,Everton,1,0,H,1,0,H,6,14,4,5,3,3,8,11,4,3,0,0,2021-2022
28/11/2021,Leicester,Watford,4,2,H,3,1,H,18,16,8,5,8,6,5,19,0,0,0,0,2021-2022
28/11/2021,Man City,West Ham,2,1,H,1,0,H,19,5,9,3,8,4,7,6,2,0,0,0,2021-2022
28/11/2021,Chelsea,Man United,1,1,D,0,0,D,24,3,6,2,15,2,13,14,2,5,0,0,2021-2022
30/11/2021,Newcastle,Norwich,1,1,D,0,0,D,9,16,1,6,2,5,8,11,0,0,0,1,2021-2022
30/11/2021,Leeds,Crystal Palace,1,0,H,0,0,D,15,9,3,1,7,4,15,15,5,3,0,0,2021-2022
01/12/2021,Southampton,Leicester,2,2,D,2,1,H,15,15,7,6,2,4,14,11,1,3,0,0,2021-2022
01/12/2021,Watford,Chelsea,1,2,A,1,1,D,13,8,6,4,6,0,18,16,4,3,0,0,2021-2022
01/12/2021,West Ham,Brighton,1,1,D,1,0,H,14,9,6,3,9,5,10,8,1,1,0,0,2021-2022
01/12/2021,Wolves,Burnley,0,0,D,0,0,D,16,6,2,1,5,5,5,7,2,3,0,0,2021-2022
01/12/2021,Aston Villa,Man City,1,2,A,0,2,A,9,17,3,7,4,11,8,12,0,0,0,0,2021-2022
01/12/2021,Everton,Liverpool,1,4,A,1,2,A,8,16,2,7,3,11,8,16,4,3,0,0,2021-2022
02/12/2021,Tottenham,Brentford,2,0,H,1,0,H,11,6,6,2,11,5,13,11,0,0,0,0,2021-2022
02/12/2021,Man United,Arsenal,3,2,H,1,1,D,14,17,10,8,3,8,9,10,1,0,0,0,2021-2022
04/12/2021,West Ham,Chelsea,3,2,H,1,2,A,11,19,5,7,1,9,10,10,1,3,0,0,2021-2022
04/12/2021,Newcastle,Burnley,1,0,H,1,0,H,19,10,4,1,10,3,11,9,1,1,0,0,2021-2022
04/12/2021,Southampton,Brighton,1,1,D,1,0,H,14,14,4,4,6,2,15,12,4,2,0,0,2021-2022
04/12/2021,Wolves,Liverpool,0,1,A,0,0,D,3,17,1,5,2,8,4,7,2,2,0,0,2021-2022
04/12/2021,Watford,Man City,1,3,A,0,2,A,11,26,4,13,5,11,10,7,3,0,0,0,2021-2022
05/12/2021,Leeds,Brentford,2,2,D,1,0,H,13,9,6,3,5,1,11,9,5,3,0,0,2021-2022
05/12/2021,Man United,Crystal Palace,1,0,H,0,0,D,16,8,3,2,9,6,16,9,2,2,0,0,2021-2022
05/12/2021,Tottenham,Norwich,3,0,H,1,0,H,17,10,7,1,6,4,11,4,1,2,0,0,2021-2022
05/12/2021,Aston Villa,Leicester,2,1,H,1,1,D,13,12,4,5,3,6,8,25,1,1,0,0,2021-2022
06/12/2021,Everton,Arsenal,2,1,H,0,1,A,11,10,5,3,3,3,8,12,2,2,0,0,2021-2022
10/12/2021,Brentford,Watford,2,1,H,0,1,A,14,6,5,2,8,2,12,18,4,0,0,0,2021-2022
11/12/2021,Man City,Wolves,1,0,H,0,0,D,24,2,10,1,14,1,12,5,3,2,0,1,2021-2022
11/12/2021,Arsenal,Southampton,3,0,H,2,0,H,15,11,5,6,9,8,5,9,2,0,0,0,2021-2022
11/12/2021,Chelsea,Leeds,3,2,H,1,1,D,16,12,6,5,5,2,9,15,2,5,0,0,2021-2022
11/12/2021,Liverpool,Aston Villa,1,0,H,0,0,D,20,4,5,0,11,3,13,6,1,2,0,0,2021-2022
11/12/2021,Norwich,Man United,0,1,A,0,0,D,11,13,5,5,8,6,6,17,1,1,0,0,2021-2022
12/12/2021,Burnley,West Ham,0,0,D,0,0,D,9,16,1,3,6,4,13,11,2,1,0,0,2021-2022
12/12/2021,Leicester,Newcastle,4,0,H,1,0,H,8,12,5,3,4,6,9,16,2,3,0,0,2021-2022
12/12/2021,Crystal Palace,Everton,3,1,H,1,0,H,17,12,6,6,8,2,15,14,0,2,0,0,2021-2022
14/12/2021,Norwich,Aston Villa,0,2,A,0,1,A,7,17,3,6,7,10,12,9,3,1,0,0,2021-2022
14/12/2021,Man City,Leeds,7,0,H,3,0,H,31,6,15,3,6,2,5,9,1,1,0,0,2021-2022
15/12/2021,Brighton,Wolves,0,1,A,0,1,A,12,8,2,5,7,4,11,14,2,0,0,0,2021-2022
15/12/2021,Crystal Palace,Southampton,2,2,D,1,2,A,9,15,6,4,4,6,16,20,2,4,0,0,2021-2022
15/12/2021,Arsenal,West Ham,2,0,H,0,0,D,21,7,8,1,5,2,8,9,2,0,0,1,2021-2022
16/12/2021,Chelsea,Everton,1,1,D,0,0,D,23,5,10,3,7,1,11,11,2,3,0,0,2021-2022
16/12/2021,Liverpool,Newcastle,3,1,H,2,1,H,23,4,8,2,11,0,9,4,1,3,0,0,2021-2022
18/12/2021,Leeds,Arsenal,1,4,A,0,3,A,9,21,2,12,1,4,11,7,3,1,0,0,2021-2022
19/12/2021,Newcastle,Man City,0,4,A,0,2,A,5,18,1,7,3,6,9,6,1,2,0,0,2021-2022
19/12/2021,Wolves,Chelsea,0,0,D,0,0,D,4,8,1,1,4,9,9,7,0,2,0,0,2021-2022
19/12/2021,Tottenham,Liverpool,2,2,D,1,1,D,10,18,5,6,6,4,12,11,4,4,0,1,2021-2022
26/12/2021,Man City,Leicester,6,3,H,4,0,H,17,14,9,8,14,4,11,9,1,2,0,0,2021-2022
26/12/2021,Norwich,Arsenal,0,5,A,0,2,A,4,16,2,6,3,5,13,7,1,2,0,0,2021-2022
26/12/2021,Tottenham,Crystal Palace,3,0,H,2,0,H,17,4,6,0,4,2,16,10,1,1,0,1,2021-2022
26/12/2021,West Ham,Southampton,2,3,A,0,1,A,11,11,5,6,10,2,10,9,2,3,0,0,2021-2022
26/12/2021,Aston Villa,Chelsea,1,3,A,1,1,D,8,10,1,4,2,5,8,11,3,1,0,0,2021-2022
26/12/2021,Brighton,Brentford,2,0,H,2,0,H,15,16,5,6,6,9,8,10,1,3,0,0,2021-2022
27/12/2021,Newcastle,Man United,1,1,D,1,0,H,13,13,8,4,2,4,11,8,3,3,0,0,2021-2022
28/12/2021,Crystal Palace,Norwich,3,0,H,3,0,H,19,12,6,3,8,8,9,13,1,2,0,0,2021-2022
28/12/2021,Southampton,Tottenham,1,1,D,1,1,D,9,21,2,11,3,7,15,5,2,2,1,0,2021-2022
28/12/2021,Watford,West Ham,1,4,A,1,2,A,14,13,5,6,4,5,12,12,0,1,0,0,2021-2022
28/12/2021,Leicester,Liverpool,1,0,H,0,0,D,6,21,1,4,1,12,8,11,0,1,0,0,2021-2022
29/12/2021,Chelsea,Brighton,1,1,D,1,0,H,11,18,5,6,10,8,14,7,4,1,0,0,2021-2022
29/12/2021,Brentford,Man City,0,1,A,0,1,A,6,12,2,3,3,5,12,10,0,0,0,0,2021-2022
30/12/2021,Man United,Burnley,3,1,H,3,1,H,18,10,6,3,7,5,5,10,0,0,0,0,2021-2022
01/01/2022,Arsenal,Man City,1,2,A,1,0,H,7,15,2,2,5,5,13,5,3,2,1,0,2021-2022
01/01/2022,Watford,Tottenham,0,1,A,0,0,D,6,21,4,9,3,7,6,9,0,1,0,0,2021-2022
01/01/2022,Crystal Palace,West Ham,2,3,A,0,3,A,22,10,6,5,9,1,6,16,0,2,0,0,2021-2022
02/01/2022,Brentford,Aston Villa,2,1,H,1,1,D,10,16,4,5,3,7,17,11,2,2,0,0,2021-2022
02/01/2022,Everton,Brighton,2,3,A,0,2,A,17,12,6,5,8,5,5,12,1,1,0,0,2021-2022
02/01/2022,Leeds,Burnley,3,1,H,1,0,H,22,8,7,2,9,3,11,7,2,1,0,0,2021-2022
02/01/2022,Chelsea,Liverpool,2,2,D,2,2,D,15,10,6,6,6,7,5,13,1,2,0,0,2021-2022
03/01/2022,Man United,Wolves,0,1,A,0,0,D,9,19,2,6,3,8,9,8,3,1,0,0,2021-2022
11/01/2022,Southampton,Brentford,4,1,H,2,1,H,12,5,6,4,5,2,9,8,0,1,0,0,2021-2022
12/01/2022,West Ham,Norwich,2,0,H,1,0,H,13,7,5,3,11,2,9,8,0,0,0,0,2021-2022
14/01/2022,Brighton,Crystal Palace,1,1,D,0,0,D,19,3,4,1,9,0,11,7,0,2,0,0,2021-2022
15/01/2022,Man City,Chelsea,1,0,H,0,0,D,11,4,6,1,9,1,11,6,0,2,0,0,2021-2022
15/01/2022,Newcastle,Watford,1,1,D,0,0,D,12,18,1,5,4,6,13,13,3,2,0,0,2021-2022
15/01/2022,Norwich,Everton,2,1,H,2,0,H,14,12,3,5,8,8,12,14,3,1,0,0,2021-2022
15/01/2022,Wolves,Southampton,3,1,H,1,0,H,9,13,5,10,2,10,13,14,2,3,0,0,2021-2022
15/01/2022,Aston Villa,Man United,2,2,D,0,1,A,13,13,9,6,3,6,8,13,1,2,0,0,2021-2022
16/01/2022,Liverpool,Brentford,3,0,H,1,0,H,27,6,13,1,9,0,6,6,0,1,0,0,2021-2022
16/01/2022,West Ham,Leeds,2,3,A,1,2,A,15,18,5,5,4,3,6,9,3,2,0,0,2021-2022
18/01/2022,Brighton,Chelsea,1,1,D,0,1,A,10,15,2,3,5,7,8,5,1,2,0,0,2021-2022
19/01/2022,Leicester,Tottenham,2,3,A,1,1,D,14,27,4,10,3,8,6,12,1,2,0,0,2021-2022
19/01/2022,Brentford,Man United,1,3,A,0,0,D,18,13,8,5,6,9,7,9,0,0,0,0,2021-2022
21/01/2022,Watford,Norwich,0,3,A,0,0,D,15,7,4,2,5,1,16,11,0,1,1,0,2021-2022
22/01/2022,Everton,Aston Villa,0,1,A,0,1,A,15,8,1,3,9,2,14,16,5,3,0,0,2021-2022
22/01/2022,Brentford,Wolves,1,2,A,0,0,D,11,7,1,2,6,3,6,7,2,3,0,0,2021-2022
22/01/2022,Leeds,Newcastle,0,1,A,0,0,D,13,15,4,3,6,7,9,9,4,2,0,0,2021-2022
22/01/2022,Man United,West Ham,1,0,H,0,0,D,18,6,3,1,3,3,9,8,1,1,0,0,2021-2022
22/01/2022,Southampton,Man City,1,1,D,1,0,H,7,20,3,5,2,11,13,5,3,0,0,0,2021-2022
23/01/2022,Arsenal,Burnley,0,0,D,0,0,D,20,10,5,1,12,4,9,13,0,2,0,0,2021-2022
23/01/2022,Crystal Palace,Liverpool,1,3,A,0,2,A,8,15,5,7,2,5,12,10,4,1,0,0,2021-2022
23/01/2022,Leicester,Brighton,1,1,D,0,0,D,15,14,5,5,4,5,6,8,0,1,0,0,2021-2022
23/01/2022,Chelsea,Tottenham,2,0,H,0,0,D,15,6,7,3,10,3,17,14,2,1,0,0,2021-2022
05/02/2022,Burnley,Watford,0,0,D,0,0,D,13,11,2,5,4,7,16,9,1,2,0,0,2021-2022
08/02/2022,Newcastle,Everton,3,1,H,1,1,D,20,11,9,3,6,2,13,13,2,3,0,0,2021-2022
08/02/2022,West Ham,Watford,1,0,H,0,0,D,9,6,3,1,5,6,1,6,1,0,0,0,2021-2022
08/02/2022,Burnley,Man United,1,1,D,0,1,A,9,22,3,5,2,10,11,10,2,1,0,0,2021-2022
09/02/2022,Man City,Brentford,2,0,H,1,0,H,15,6,7,2,9,3,7,13,0,0,0,0,2021-2022
09/02/2022,Norwich,Crystal Palace,1,1,D,1,0,H,5,13,1,5,4,6,11,15,1,2,0,0,2021-2022
09/02/2022,Tottenham,Southampton,2,3,A,1,1,D,8,23,3,10,2,8,7,13,2,3,0,0,2021-2022
09/02/2022,Aston Villa,Leeds,3,3,D,3,2,H,12,16,4,8,6,11,11,9,1,3,1,0,2021-2022
10/02/2022,Liverpool,Leicester,2,0,H,1,0,H,22,5,11,1,7,6,11,7,1,0,0,0,2021-2022
10/02/2022,Wolves,Arsenal,0,1,A,0,1,A,15,12,4,2,7,4,12,13,2,3,0,1,2021-2022
12/02/2022,Man United,Southampton,1,1,D,1,0,H,12,13,8,4,1,4,12,13,4,0,0,0,2021-2022
12/02/2022,Brentford,Crystal Palace,0,0,D,0,0,D,9,6,2,3,3,9,10,10,1,0,0,0,2021-2022
12/02/2022,Everton,Leeds,3,0,H,2,0,H,21,7,10,0,5,3,8,9,1,1,0,0,2021-2022
12/02/2022,Watford,Brighton,0,2,A,0,1,A,9,11,1,6,4,5,16,9,3,2,0,0,2021-2022
12/02/2022,Norwich,Man City,0,4,A,0,1,A,8,22,3,9,4,12,7,8,0,2,0,0,2021-2022
13/02/2022,Burnley,Liverpool,0,1,A,0,1,A,8,12,5,4,5,8,7,6,0,1,0,0,2021-2022
13/02/2022,Newcastle,Aston Villa,1,0,H,1,0,H,10,11,2,1,3,6,22,15,3,4,0,0,2021-2022
13/02/2022,Tottenham,Wolves,0,2,A,0,2,A,17,11,7,7,7,3,13,13,3,1,0,0,2021-2022
13/02/2022,Leicester,West Ham,2,2,D,1,1,D,13,8,2,3,5,4,10,9,1,2,0,0,2021-2022
15/02/2022,Man United,Brighton,2,0,H,0,0,D,19,10,7,3,10,2,8,10,3,1,0,1,2021-2022
19/02/2022,West Ham,Newcastle,1,1,D,1,1,D,11,14,3,3,3,7,3,7,3,3,0,0,2021-2022
19/02/2022,Arsenal,Brentford,2,1,H,0,0,D,24,6,8,2,14,0,10,5,1,1,0,0,2021-2022
19/02/2022,Aston Villa,Watford,0,1,A,0,0,D,20,8,1,4,10,5,12,7,1,2,0,0,2021-2022
19/02/2022,Brighton,Burnley,0,3,A,0,2,A,11,10,1,4,4,4,12,12,1,4,0,0,2021-2022
19/02/2022,Crystal Palace,Chelsea,0,1,A,0,0,D,7,9,0,3,4,4,4,20,1,3,0,0,2021-2022
19/02/2022,Liverpool,Norwich,3,1,H,0,0,D,29,6,8,1,9,4,7,8,0,1,0,0,2021-2022
19/02/2022,Southampton,Everton,2,0,H,0,0,D,19,9,11,0,4,4,6,9,0,2,0,0,2021-2022
19/02/2022,Man City,Tottenham,2,3,A,1,1,D,21,6,4,5,10,0,5,7,0,3,0,0,2021-2022
20/02/2022,Leeds,Man United,2,4,A,0,2,A,16,15,6,9,3,3,13,19,6,3,0,0,2021-2022
20/02/2022,Wolves,Leicester,2,1,H,1,1,D,11,17,3,7,7,10,12,9,4,4,0,0,2021-2022
23/02/2022,Burnley,Tottenham,1,0,H,0,0,D,15,12,4,2,3,7,8,8,0,0,0,0,2021-2022
23/02/2022,Watford,Crystal Palace,1,4,A,1,2,A,8,7,1,5,6,4,12,9,2,1,0,0,2021-2022
23/02/2022,Liverpool,Leeds,6,0,H,3,0,H,23,3,15,2,4,0,5,11,0,3,0,0,2021-2022
24/02/2022,Arsenal,Wolves,2,1,H,0,1,A,26,6,5,2,5,4,8,9,1,1,0,0,2021-2022
25/02/2022,Southampton,Norwich,2,0,H,1,0,H,27,8,9,1,13,6,12,9,1,2,0,0,2021-2022
26/02/2022,Leeds,Tottenham,0,4,A,0,3,A,19,15,3,11,3,6,16,11,4,2,0,0,2021-2022
26/02/2022,Brentford,Newcastle,0,2,A,0,2,A,6,26,1,11,6,6,9,7,3,1,1,0,2021-2022
26/02/2022,Crystal Palace,Burnley,1,1,D,1,0,H,11,5,4,1,5,4,5,17,0,2,0,0,2021-2022
26/02/2022,Man United,Watford,0,0,D,0,0,D,22,10,3,2,4,3,2,7,0,0,0,0,2021-2022
26/02/2022,Brighton,Aston Villa,0,2,A,0,1,A,12,9,1,4,7,2,17,11,4,5,0,0,2021-2022
26/02/2022,Everton,Man City,0,1,A,0,0,D,6,13,2,8,3,4,7,14,3,2,0,0,2021-2022
27/02/2022,West Ham,Wolves,1,0,H,0,0,D,13,14,4,1,3,5,8,2,1,0,0,0,2021-2022
01/03/2022,Burnley,Leicester,0,2,A,0,0,D,9,22,2,6,6,8,10,13,1,1,0,0,2021-2022
05/03/2022,Leicester,Leeds,1,0,H,0,0,D,7,19,4,4,5,10,9,12,1,2,0,0,2021-2022
05/03/2022,Aston Villa,Southampton,4,0,H,2,0,H,14,11,9,1,4,7,10,8,1,1,0,0,2021-2022
05/03/2022,Burnley,Chelsea,0,4,A,0,0,D,6,11,1,5,5,2,12,7,2,0,0,0,2021-2022
05/03/2022,Newcastle,Brighton,2,1,H,2,0,H,10,15,4,4,4,7,8,10,1,1,0,0,2021-2022
05/03/2022,Norwich,Brentford,1,3,A,0,1,A,15,10,7,6,5,5,13,18,2,5,0,0,2021-2022
05/03/2022,Wolves,Crystal Palace,0,2,A,0,2,A,12,12,5,8,7,7,13,8,0,3,0,0,2021-2022
05/03/2022,Liverpool,West Ham,1,0,H,1,0,H,22,13,5,5,4,6,7,7,2,1,0,0,2021-2022
06/03/2022,Watford,Arsenal,2,3,A,1,2,A,13,16,7,4,1,5,5,11,1,2,0,0,2021-2022
06/03/2022,Man City,Man United,4,1,H,2,1,H,24,5,10,2,9,3,10,14,0,1,0,0,2021-2022
07/03/2022,Tottenham,Everton,5,0,H,3,0,H,14,6,7,0,5,2,15,10,2,0,0,0,2021-2022
10/03/2022,Norwich,Chelsea,1,3,A,0,2,A,9,15,3,7,3,8,8,15,0,2,0,0,2021-2022
10/03/2022,Southampton,Newcastle,1,2,A,1,1,D,14,8,5,4,12,5,6,7,1,1,0,0,2021-2022
10/03/2022,Wolves,Watford,4,0,H,3,0,H,10,9,5,0,5,2,11,10,2,2,0,0,2021-2022
10/03/2022,Leeds,Aston Villa,0,3,A,0,1,A,4,15,1,9,3,5,17,11,5,3,0,0,2021-2022
12/03/2022,Brighton,Liverpool,0,2,A,0,1,A,8,18,3,9,7,6,12,15,3,1,0,0,2021-2022
12/03/2022,Brentford,Burnley,2,0,H,0,0,D,13,7,4,1,2,9,6,10,1,1,0,1,2021-2022
12/03/2022,Man United,Tottenham,3,2,H,2,1,H,10,10,6,3,4,5,8,7,2,1,0,0,2021-2022
13/03/2022,Chelsea,Newcastle,1,0,H,0,0,D,8,7,3,2,7,2,17,16,4,3,0,0,2021-2022
13/03/2022,Everton,Wolves,0,1,A,0,0,D,8,14,2,3,5,2,13,11,2,1,1,0,2021-2022
13/03/2022,Leeds,Norwich,2,1,H,1,0,H,13,12,7,4,6,2,18,8,3,1,0,0,2021-2022
13/03/2022,Southampton,Watford,1,2,A,1,2,A,13,9,7,5,11,3,8,12,3,2,0,0,2021-2022
13/03/2022,West Ham,Aston Villa,2,1,H,0,0,D,11,13,4,7,5,7,9,3,1,0,0,0,2021-2022
13/03/2022,Arsenal,Leicester,2,0,H,1,0,H,21,6,8,3,2,6,8,10,0,3,0,0,2021-2022
14/03/2022,Crystal Palace,Man City,0,0,D,0,0,D,7,18,1,4,2,6,6,11,3,1,0,0,2021-2022
16/03/2022,Brighton,Tottenham,0,2,A,0,1,A,15,17,0,7,6,3,11,9,2,2,0,0,2021-2022
16/03/2022,Arsenal,Liverpool,0,2,A,0,0,D,9,9,2,3,1,6,9,9,0,1,0,0,2021-2022
17/03/2022,Everton,Newcastle,1,0,H,0,0,D,9,17,3,6,5,7,13,11,2,1,1,0,2021-2022
18/03/2022,Wolves,Leeds,2,3,A,2,0,H,14,15,8,6,2,5,13,14,1,4,1,0,2021-2022
19/03/2022,Aston Villa,Arsenal,0,1,A,0,1,A,8,10,1,3,6,5,13,14,3,3,0,0,2021-2022
20/03/2022,Leicester,Brentford,2,1,H,2,0,H,12,15,4,6,2,5,10,10,1,2,0,0,2021-2022
20/03/2022,Tottenham,West Ham,3,1,H,2,1,H,17,6,4,1,5,3,7,7,0,1,0,0,2021-2022
02/04/2022,Liverpool,Watford,2,0,H,1,0,H,20,5,3,2,9,3,9,8,1,1,0,0,2021-2022
02/04/2022,Brighton,Norwich,0,0,D,0,0,D,31,6,4,0,11,2,12,11,1,1,0,0,2021-2022
02/04/2022,Burnley,Man City,0,2,A,0,2,A,3,18,1,6,1,8,11,6,1,0,0,0,2021-2022
02/04/2022,Chelsea,Brentford,1,4,A,0,0,D,21,17,8,6,12,7,11,7,0,0,0,0,2021-2022
02/04/2022,Leeds,Southampton,1,1,D,1,0,H,12,14,3,6,4,7,14,7,1,1,0,0,2021-2022
02/04/2022,Wolves,Aston Villa,2,1,H,2,0,H,11,15,5,5,4,9,15,8,4,3,0,0,2021-2022
02/04/2022,Man United,Leicester,1,1,D,0,0,D,11,11,5,3,6,5,13,6,2,2,0,0,2021-2022
03/04/2022,West Ham,Everton,2,1,H,1,0,H,11,13,5,2,2,4,9,12,1,1,0,1,2021-2022
03/04/2022,Tottenham,Newcastle,5,1,H,1,1,D,19,8,6,1,2,3,10,7,2,3,0,0,2021-2022
04/04/2022,Crystal Palace,Arsenal,3,0,H,2,0,H,6,12,5,3,0,2,11,15,0,2,0,0,2021-2022
06/04/2022,Burnley,Everton,3,2,H,1,2,A,13,16,4,4,9,6,11,16,2,2,0,0,2021-2022
08/04/2022,Newcastle,Wolves,1,0,H,0,0,D,12,5,4,2,1,2,6,13,1,1,0,0,2021-2022
09/04/2022,Everton,Man United,1,0,H,1,0,H,7,12,3,4,5,7,4,10,2,2,0,0,2021-2022
09/04/2022,Arsenal,Brighton,1,2,A,0,1,A,20,8,4,3,11,2,12,19,3,4,0,0,2021-2022
09/04/2022,Southampton,Chelsea,0,6,A,0,4,A,4,24,1,14,3,3,11,10,1,0,0,0,2021-2022
09/04/2022,Watford,Leeds,0,3,A,0,1,A,8,10,1,5,3,8,8,12,2,0,0,0,2021-2022
09/04/2022,Aston Villa,Tottenham,0,4,A,0,1,A,9,11,8,5,9,3,12,14,2,3,0,0,2021-2022
10/04/2022,Brentford,West Ham,2,0,H,0,0,D,15,5,7,1,4,6,2,6,0,1,0,0,2021-2022
10/04/2022,Leicester,Crystal Palace,2,1,H,2,0,H,12,11,3,3,3,4,11,12,1,1,0,0,2021-2022
10/04/2022,Norwich,Burnley,2,0,H,1,0,H,17,18,6,4,6,7,12,10,1,1,0,0,2021-2022
10/04/2022,Man City,Liverpool,2,2,D,2,1,H,11,6,5,4,4,1,9,11,1,4,0,0,2021-2022
16/04/2022,Tottenham,Brighton,0,1,A,0,0,D,5,12,0,5,4,4,14,10,3,3,0,0,2021-2022
16/04/2022,Man United,Norwich,3,2,H,2,1,H,20,15,9,4,6,7,7,6,0,0,0,0,2021-2022
16/04/2022,Southampton,Arsenal,1,0,H,1,0,H,9,23,3,6,6,8,6,6,2,1,0,0,2021-2022
16/04/2022,Watford,Brentford,1,2,A,0,1,A,17,16,4,5,6,5,11,9,2,1,0,0,2021-2022
17/04/2022,Newcastle,Leicester,2,1,H,1,1,D,16,8,7,2,3,5,10,10,2,2,0,0,2021-2022
17/04/2022,West Ham,Burnley,1,1,D,0,1,A,21,9,8,1,13,4,9,10,2,2,0,0,2021-2022
19/04/2022,Liverpool,Man United,4,0,H,2,0,H,14,2,5,1,10,2,3,6,1,2,0,0,2021-2022
20/04/2022,Chelsea,Arsenal,2,4,A,2,2,D,11,14,2,4,6,1,7,6,3,1,0,0,2021-2022
20/04/2022,Everton,Leicester,1,1,D,0,1,A,13,11,3,3,5,4,8,17,3,1,0,0,2021-2022
20/04/2022,Newcastle,Crystal Palace,1,0,H,1,0,H,13,10,4,2,2,5,12,12,1,1,0,0,2021-2022
20/04/2022,Man City,Brighton,3,0,H,0,0,D,17,2,5,1,7,4,12,7,0,3,0,0,2021-2022
21/04/2022,Burnley,Southampton,2,0,H,2,0,H,16,11,6,3,10,10,7,7,2,2,0,0,2021-2022
23/04/2022,Arsenal,Man United,3,1,H,2,1,H,14,14,7,5,1,7,9,12,3,4,0,0,2021-2022
23/04/2022,Leicester,Aston Villa,0,0,D,0,0,D,5,11,2,3,7,6,15,16,3,2,0,0,2021-2022
23/04/2022,Man City,Watford,5,1,H,3,1,H,21,5,8,2,11,4,9,7,1,0,0,0,2021-2022
23/04/2022,Norwich,Newcastle,0,3,A,0,2,A,5,13,2,7,2,3,11,10,0,2,0,0,2021-2022
23/04/2022,Brentford,Tottenham,0,0,D,0,0,D,15,9,2,0,12,8,8,7,2,1,0,0,2021-2022
24/04/2022,Brighton,Southampton,2,2,D,2,1,H,8,18,5,5,6,6,12,7,1,0,0,0,2021-2022
24/04/2022,Burnley,Wolves,1,0,H,0,0,D,14,10,5,4,3,6,8,7,3,1,0,0,2021-2022
24/04/2022,Chelsea,West Ham,1,0,H,0,0,D,26,6,5,2,3,1,11,9,1,0,0,1,2021-2022
24/04/2022,Liverpool,Everton,2,0,H,0,0,D,18,9,4,1,13,1,8,8,2,5,0,0,2021-2022
25/04/2022,Crystal Palace,Leeds,0,0,D,0,0,D,17,9,7,2,6,3,12,13,2,2,0,0,2021-2022
28/04/2022,Man United,Chelsea,1,1,D,0,0,D,6,21,3,6,2,9,9,12,0,1,0,0,2021-2022
30/04/2022,Newcastle,Liverpool,0,1,A,0,1,A,4,24,2,10,0,6,11,11,1,3,0,0,2021-2022
30/04/2022,Aston Villa,Norwich,2,0,H,1,0,H,21,9,6,3,2,3,16,8,4,1,0,0,2021-2022
30/04/2022,Southampton,Crystal Palace,1,2,A,1,0,H,8,14,3,5,6,7,13,11,1,3,0,0,2021-2022
30/04/2022,Watford,Burnley,1,2,A,1,0,H,13,17,1,6,5,6,13,9,1,2,0,0,2021-2022
30/04/2022,Wolves,Brighton,0,3,A,0,1,A,11,17,1,9,7,3,6,4,2,1,0,0,2021-2022
30/04/2022,Leeds,Man City,0,4,A,0,1,A,7,19,2,6,3,6,13,3,1,2,0,0,2021-2022
01/05/2022,Everton,Chelsea,1,0,H,0,0,D,9,17,4,5,3,8,9,12,3,5,0,0,2021-2022
01/05/2022,Tottenham,Leicester,3,1,H,1,0,H,13,6,7,2,7,3,13,8,2,3,0,0,2021-2022
01/05/2022,West Ham,Arsenal,1,2,A,1,1,D,8,13,3,7,3,7,8,9,2,2,0,0,2021-2022
02/05/2022,Man United,Brentford,3,0,H,1,0,H,9,12,5,4,3,8,4,6,1,0,0,0,2021-2022
07/05/2022,Brentford,Southampton,3,0,H,2,0,H,18,19,5,4,4,7,12,9,0,1,0,0,2021-2022
07/05/2022,Burnley,Aston Villa,1,3,A,0,2,A,14,12,6,7,4,5,13,11,1,2,0,0,2021-2022
07/05/2022,Chelsea,Wolves,2,2,D,0,0,D,19,14,6,4,9,3,7,11,1,3,0,0,2021-2022
07/05/2022,Crystal Palace,Watford,1,0,H,1,0,H,15,6,7,1,8,5,11,18,2,1,0,1,2021-2022
07/05/2022,Brighton,Man United,4,0,H,1,0,H,17,15,6,5,7,6,13,9,0,2,0,0,2021-2022
07/05/2022,Liverpool,Tottenham,1,1,D,0,0,D,22,8,3,3,11,5,12,8,3,2,0,0,2021-2022
08/05/2022,Arsenal,Leeds,2,1,H,2,0,H,19,3,9,2,8,2,13,15,2,2,0,1,2021-2022
08/05/2022,Leicester,Everton,1,2,A,1,2,A,16,10,9,4,6,1,11,6,3,0,0,0,2021-2022
08/05/2022,Norwich,West Ham,0,4,A,0,3,A,8,13,2,5,9,5,7,7,1,1,0,0,2021-2022
08/05/2022,Man City,Newcastle,5,0,H,2,0,H,21,7,9,3,8,2,6,11,1,3,0,0,2021-2022
10/05/2022,Aston Villa,Liverpool,1,2,A,1,1,D,9,17,4,6,2,3,10,12,0,0,0,0,2021-2022
11/05/2022,Leeds,Chelsea,0,3,A,0,1,A,5,17,0,4,1,5,10,14,1,0,1,0,2021-2022
11/05/2022,Leicester,Norwich,3,0,H,0,0,D,20,9,8,5,10,2,10,5,0,0,0,0,2021-2022
11/05/2022,Watford,Everton,0,0,D,0,0,D,6,16,0,5,1,13,5,12,1,2,0,0,2021-2022
11/05/2022,Wolves,Man City,1,5,A,1,3,A,7,16,3,5,6,2,2,10,0,1,0,0,2021-2022
12/05/2022,Tottenham,Arsenal,3,0,H,2,0,H,16,8,6,4,2,2,8,15,1,3,0,1,2021-2022
15/05/2022,Tottenham,Burnley,1,0,H,1,0,H,21,8,8,1,8,2,12,8,3,2,0,0,2021-2022
15/05/2022,Aston Villa,Crystal Palace,1,1,D,0,0,D,13,16,4,4,1,5,11,15,1,3,0,0,2021-2022
15/05/2022,Leeds,Brighton,1,1,D,0,1,A,19,16,5,6,8,1,16,8,3,2,0,0,2021-2022
15/05/2022,Watford,Leicester,1,5,A,1,2,A,13,13,5,7,7,3,4,6,0,1,0,0,2021-2022
15/05/2022,West Ham,Man City,2,2,D,2,0,H,6,31,2,8,4,9,9,5,3,1,0,0,2021-2022
15/05/2022,Wolves,Norwich,1,1,D,0,1,A,17,11,4,2,5,3,5,10,0,3,0,0,2021-2022
15/05/2022,Everton,Brentford,2,3,A,2,1,H,10,18,5,7,5,2,8,8,0,3,2,0,2021-2022
16/05/2022,Newcastle,Arsenal,2,0,H,0,0,D,16,11,4,2,12,8,11,8,0,3,0,0,2021-2022
17/05/2022,Southampton,Liverpool,1,2,A,1,1,D,4,24,2,5,1,9,6,6,2,0,0,0,2021-2022
19/05/2022,Everton,Crystal Palace,3,2,H,0,2,A,12,7,6,5,4,5,9,13,2,3,0,0,2021-2022
19/05/2022,Aston Villa,Burnley,1,1,D,0,1,A,22,10,9,5,13,6,11,20,0,1,0,1,2021-2022
19/05/2022,Chelsea,Leicester,1,1,D,1,1,D,20,2,7,1,6,0,13,7,4,1,0,0,2021-2022
22/05/2022,Arsenal,Everton,5,1,H,2,1,H,26,6,9,2,12,2,8,9,0,1,0,0,2021-2022
22/05/2022,Brentford,Leeds,1,2,A,0,0,D,14,14,5,6,3,2,11,13,2,1,1,0,2021-2022
22/05/2022,Brighton,West Ham,3,1,H,0,1,A,18,7,7,2,5,6,9,9,1,1,0,0,2021-2022
22/05/2022,Burnley,Newcastle,1,2,A,0,1,A,12,8,5,6,8,2,8,9,1,0,0,0,2021-2022
22/05/2022,Chelsea,Watford,2,1,H,1,0,H,19,8,8,3,3,3,9,9,0,0,0,0,2021-2022
22/05/2022,Crystal Palace,Man United,1,0,H,1,0,H,6,10,3,4,3,6,12,22,2,4,0,0,2021-2022
22/05/2022,Leicester,Southampton,4,1,H,0,0,D,12,7,6,2,3,3,10,5,0,1,0,0,2021-2022
22/05/2022,Liverpool,Wolves,3,1,H,1,1,D,29,7,8,5,5,3,6,3,1,0,0,0,2021-2022
22/05/2022,Man City,Aston Villa,3,2,H,0,1,A,24,4,5,2,13,1,5,11,0,1,0,0,2021-2022
22/05/2022,Norwich,Tottenham,0,5,A,0,2,A,9,19,0,13,3,2,13,7,3,1,0,0,2021-2022
05/08/2022,Crystal Palace,Arsenal,0,2,A,0,1,A,10,10,2,2,3,5,16,11,1,2,0,0,2022-2023
06/08/2022,Fulham,Liverpool,2,2,D,1,0,H,9,11,3,4,4,4,7,9,2,0,0,0,2022-2023
06/08/2022,Bournemouth,Aston Villa,2,0,H,1,0,H,7,15,3,2,5,5,18,16,3,3,0,0,2022-2023
06/08/2022,Leeds,Wolves,2,1,H,1,1,D,12,15,4,6,6,4,13,9,2,0,0,0,2022-2023
06/08/2022,Newcastle,Nott'm Forest,2,0,H,0,0,D,23,5,10,0,11,1,9,14,0,3,0,0,2022-2023
06/08/2022,Tottenham,Southampton,4,1,H,2,1,H,18,10,8,2,10,2,11,6,3,0,0,0,2022-2023
06/08/2022,Everton,Chelsea,0,1,A,0,1,A,8,15,4,6,4,16,14,11,3,2,0,0,2022-2023
07/08/2022,Leicester,Brentford,2,2,D,1,0,H,14,8,5,3,5,6,6,5,0,0,0,0,2022-2023
07/08/2022,Man United,Brighton,1,2,A,0,2,A,17,15,5,4,6,2,7,12,4,1,0,0,2022-2023
07/08/2022,West Ham,Man City,0,2,A,0,1,A,6,14,1,2,1,4,8,4,0,1,0,0,2022-2023
13/08/2022,Aston Villa,Everton,2,1,H,1,0,H,12,15,4,4,5,8,9,7,4,1,0,0,2022-2023
13/08/2022,Arsenal,Leicester,4,2,H,2,0,H,19,6,7,2,6,2,15,9,1,1,0,0,2022-2023
13/08/2022,Brighton,Newcastle,0,0,D,0,0,D,13,4,7,1,7,3,8,6,2,3,0,0,2022-2023
13/08/2022,Man City,Bournemouth,4,0,H,3,0,H,19,3,7,1,11,1,9,9,0,3,0,0,2022-2023
13/08/2022,Southampton,Leeds,2,2,D,0,0,D,14,13,4,5,2,5,10,12,1,3,0,0,2022-2023
13/08/2022,Wolves,Fulham,0,0,D,0,0,D,7,9,1,3,5,3,7,14,3,3,0,0,2022-2023
13/08/2022,Brentford,Man United,4,0,H,4,0,H,13,15,7,4,8,2,6,15,0,4,0,0,2022-2023
14/08/2022,Nott'm Forest,West Ham,1,0,H,1,0,H,13,19,6,5,6,7,10,11,4,1,0,0,2022-2023
14/08/2022,Chelsea,Tottenham,2,2,D,1,0,H,16,10,3,5,8,5,9,9,3,0,0,0,2022-2023
15/08/2022,Liverpool,Crystal Palace,1,1,D,0,1,A,24,7,4,3,4,2,7,8,2,4,1,0,2022-2023
20/08/2022,Tottenham,Wolves,1,0,H,0,0,D,11,20,4,3,8,6,10,8,2,2,0,0,2022-2023
20/08/2022,Crystal Palace,Aston Villa,3,1,H,1,1,D,17,13,9,5,4,2,16,14,2,1,0,0,2022-2023
20/08/2022,Everton,Nott'm Forest,1,1,D,0,0,D,19,14,8,5,6,2,6,9,3,2,0,0,2022-2023
20/08/2022,Fulham,Brentford,3,2,H,2,1,H,18,13,9,5,6,3,13,7,3,2,0,0,2022-2023
20/08/2022,Leicester,Southampton,1,2,A,0,0,D,6,9,1,3,2,5,11,15,2,3,0,0,2022-2023
20/08/2022,Bournemouth,Arsenal,0,3,A,0,2,A,6,14,1,6,3,4,12,10,2,1,0,0,2022-2023
21/08/2022,Leeds,Chelsea,3,0,H,2,0,H,12,14,6,3,4,6,16,15,0,1,0,1,2022-2023
21/08/2022,West Ham,Brighton,0,2,A,0,1,A,13,11,3,2,5,4,10,7,2,0,0,0,2022-2023
21/08/2022,Newcastle,Man City,3,3,D,2,1,H,12,21,6,10,5,5,14,7,4,2,0,0,2022-2023
22/08/2022,Man United,Liverpool,2,1,H,1,0,H,12,17,4,5,6,8,11,7,3,1,0,0,2022-2023
27/08/2022,Southampton,Man United,0,1,A,0,0,D,17,11,5,6,5,3,4,14,0,3,0,0,2022-2023
27/08/2022,Brentford,Everton,1,1,D,0,1,A,19,14,5,7,8,5,8,8,2,2,0,0,2022-2023
27/08/2022,Brighton,Leeds,1,0,H,0,0,D,13,10,4,2,5,3,10,14,2,3,0,0,2022-2023
27/08/2022,Chelsea,Leicester,2,1,H,0,0,D,7,17,3,5,3,11,10,7,1,2,1,0,2022-2023
27/08/2022,Liverpool,Bournemouth,9,0,H,5,0,H,19,5,12,2,8,1,6,5,0,1,0,0,2022-2023
27/08/2022,Man City,Crystal Palace,4,2,H,0,2,A,18,2,5,2,6,1,14,8,1,2,0,0,2022-2023
27/08/2022,Arsenal,Fulham,2,1,H,0,0,D,22,11,8,3,9,2,6,12,2,3,0,0,2022-2023
28/08/2022,Aston Villa,West Ham,0,1,A,0,0,D,9,7,3,2,3,2,10,10,2,0,0,0,2022-2023
28/08/2022,Wolves,Newcastle,1,1,D,1,0,H,10,21,4,6,4,13,10,11,2,1,0,0,2022-2023
28/08/2022,Nott'm Forest,Tottenham,0,2,A,0,1,A,17,18,1,7,6,1,11,13,6,1,0,0,2022-2023
30/08/2022,Crystal Palace,Brentford,1,1,D,0,0,D,13,9,4,3,4,6,11,8,1,2,0,0,2022-2023
30/08/2022,Fulham,Brighton,2,1,H,0,0,D,10,7,3,4,3,3,9,11,2,1,0,0,2022-2023
30/08/2022,Southampton,Chelsea,2,1,H,2,1,H,9,10,7,4,5,3,15,10,2,1,0,0,2022-2023
30/08/2022,Leeds,Everton,1,1,D,0,1,A,14,7,5,2,10,2,10,9,3,3,0,0,2022-2023
31/08/2022,Arsenal,Aston Villa,2,1,H,1,0,H,22,4,9,3,10,3,10,14,2,3,0,0,2022-2023
31/08/2022,Bournemouth,Wolves,0,0,D,0,0,D,5,17,2,4,2,5,12,12,2,1,0,0,2022-2023
31/08/2022,Man City,Nott'm Forest,6,0,H,3,0,H,17,8,9,1,10,1,9,7,0,1,0,0,2022-2023
31/08/2022,West Ham,Tottenham,1,1,D,0,1,A,14,13,4,4,3,4,10,9,2,5,0,0,2022-2023
31/08/2022,Liverpool,Newcastle,2,1,H,0,1,A,23,5,6,2,13,0,9,10,0,2,0,0,2022-2023
01/09/2022,Leicester,Man United,0,1,A,0,1,A,10,9,2,2,1,3,7,15,1,3,0,0,2022-2023
03/09/2022,Everton,Liverpool,0,0,D,0,0,D,14,23,3,8,7,9,7,11,2,2,0,0,2022-2023
03/09/2022,Brentford,Leeds,5,2,H,2,1,H,14,17,8,6,2,6,8,9,2,2,0,0,2022-2023
03/09/2022,Chelsea,West Ham,2,1,H,0,0,D,8,6,3,3,10,3,6,11,4,2,0,0,2022-2023
03/09/2022,Newcastle,Crystal Palace,0,0,D,0,0,D,23,19,6,9,13,5,19,12,2,1,0,0,2022-2023
03/09/2022,Nott'm Forest,Bournemouth,2,3,A,2,0,H,11,8,3,3,4,6,13,10,2,1,0,0,2022-2023
03/09/2022,Tottenham,Fulham,2,1,H,1,0,H,23,9,10,3,10,3,9,6,3,4,0,0,2022-2023
03/09/2022,Wolves,Southampton,1,0,H,1,0,H,7,12,2,1,5,6,10,14,4,2,0,0,2022-2023
03/09/2022,Aston Villa,Man City,1,1,D,0,0,D,3,13,1,4,1,4,7,6,2,0,0,0,2022-2023
04/09/2022,Brighton,Leicester,5,2,H,2,2,D,23,6,11,4,10,1,6,8,1,1,0,0,2022-2023
04/09/2022,Man United,Arsenal,3,1,H,1,0,H,10,16,6,3,2,5,13,9,3,3,0,0,2022-2023
16/09/2022,Aston Villa,Southampton,1,0,H,1,0,H,11,7,3,1,6,3,13,13,3,1,0,0,2022-2023
16/09/2022,Nott'm Forest,Fulham,2,3,A,1,0,H,11,15,3,7,2,10,11,10,2,4,0,0,2022-2023
17/09/2022,Wolves,Man City,0,3,A,0,2,A,6,16,1,7,5,7,7,9,2,1,1,0,2022-2023
17/09/2022,Newcastle,Bournemouth,1,1,D,0,0,D,20,10,7,3,8,1,10,11,2,2,0,0,2022-2023
17/09/2022,Tottenham,Leicester,6,2,H,2,2,D,16,19,11,7,6,1,9,9,1,2,0,0,2022-2023
18/09/2022,Brentford,Arsenal,0,3,A,0,2,A,5,13,2,7,3,3,10,10,0,2,0,0,2022-2023
18/09/2022,Everton,West Ham,1,0,H,0,0,D,7,14,2,4,5,14,8,11,3,1,0,0,2022-2023
01/10/2022,Arsenal,Tottenham,3,1,H,1,1,D,22,7,9,3,5,2,10,10,2,1,0,1,2022-2023
01/10/2022,Bournemouth,Brentford,0,0,D,0,0,D,7,13,1,4,7,8,11,10,1,2,0,0,2022-2023
01/10/2022,Crystal Palace,Chelsea,1,2,A,1,1,D,7,13,3,3,5,2,11,13,1,3,0,0,2022-2023
01/10/2022,Fulham,Newcastle,1,4,A,0,3,A,3,19,1,10,1,8,9,10,2,0,1,0,2022-2023
01/10/2022,Liverpool,Brighton,3,3,D,1,2,A,15,6,7,6,9,2,9,13,1,1,0,0,2022-2023
01/10/2022,Southampton,Everton,1,2,A,0,0,D,22,12,6,5,7,6,11,10,2,2,0,0,2022-2023
01/10/2022,West Ham,Wolves,2,0,H,1,0,H,18,15,5,4,1,6,8,6,2,2,0,0,2022-2023
02/10/2022,Man City,Man United,6,3,H,4,0,H,22,12,10,8,5,1,3,9,0,3,0,0,2022-2023
02/10/2022,Leeds,Aston Villa,0,0,D,0,0,D,9,19,1,7,2,9,23,12,3,2,1,0,2022-2023
03/10/2022,Leicester,Nott'm Forest,4,0,H,3,0,H,17,10,7,3,6,6,13,12,2,4,0,0,2022-2023
08/10/2022,Bournemouth,Leicester,2,1,H,0,1,A,10,9,4,5,7,2,8,16,1,2,0,0,2022-2023
08/10/2022,Chelsea,Wolves,3,0,H,1,0,H,20,8,7,2,4,2,8,8,2,0,0,0,2022-2023
08/10/2022,Man City,Southampton,4,0,H,2,0,H,21,5,8,0,9,1,4,8,0,1,0,0,2022-2023
08/10/2022,Newcastle,Brentford,5,1,H,2,0,H,16,6,6,3,9,5,14,9,0,1,0,0,2022-2023
08/10/2022,Brighton,Tottenham,0,1,A,0,1,A,14,8,4,3,6,2,9,14,1,2,0,0,2022-2023
09/10/2022,Crystal Palace,Leeds,2,1,H,1,1,D,13,10,5,4,5,3,13,23,3,3,0,0,2022-2023
09/10/2022,West Ham,Fulham,3,1,H,1,1,D,17,8,8,2,4,2,9,7,1,3,0,0,2022-2023
09/10/2022,Arsenal,Liverpool,3,2,H,2,1,H,11,8,7,3,4,3,11,11,1,2,0,0,2022-2023
09/10/2022,Everton,Man United,1,2,A,1,2,A,11,12,2,4,5,4,7,13,2,1,0,0,2022-2023
10/10/2022,Nott'm Forest,Aston Villa,1,1,D,1,1,D,6,12,3,2,1,4,13,19,3,3,0,0,2022-2023
14/10/2022,Brentford,Brighton,2,0,H,1,0,H,7,21,3,7,2,11,12,15,3,1,0,0,2022-2023
15/10/2022,Leicester,Crystal Palace,0,0,D,0,0,D,14,8,5,1,9,2,18,13,2,2,0,0,2022-2023
15/10/2022,Fulham,Bournemouth,2,2,D,1,2,A,19,10,4,6,5,6,9,11,2,0,0,0,2022-2023
15/10/2022,Wolves,Nott'm Forest,1,0,H,0,0,D,9,10,2,2,4,5,17,13,2,2,0,0,2022-2023
15/10/2022,Tottenham,Everton,2,0,H,0,0,D,21,4,7,0,7,1,12,13,1,4,0,0,2022-2023
16/10/2022,Aston Villa,Chelsea,0,2,A,0,1,A,18,8,7,4,7,1,12,11,0,3,0,0,2022-2023
16/10/2022,Leeds,Arsenal,0,1,A,0,1,A,16,9,4,4,6,3,10,11,0,2,0,0,2022-2023
16/10/2022,Man United,Newcastle,0,0,D,0,0,D,15,9,2,2,4,4,13,11,3,1,0,0,2022-2023
16/10/2022,Southampton,West Ham,1,1,D,1,0,H,10,25,8,4,4,14,7,3,1,1,0,0,2022-2023
16/10/2022,Liverpool,Man City,1,0,H,0,0,D,13,16,2,6,5,6,10,7,3,1,0,0,2022-2023
18/10/2022,Brighton,Nott'm Forest,0,0,D,0,0,D,19,3,7,0,9,1,10,14,3,1,0,0,2022-2023
18/10/2022,Crystal Palace,Wolves,2,1,H,0,1,A,14,10,4,4,4,3,14,18,3,1,0,0,2022-2023
19/10/2022,Bournemouth,Southampton,0,1,A,0,1,A,15,9,3,3,7,3,8,13,1,3,0,0,2022-2023
19/10/2022,Brentford,Chelsea,0,0,D,0,0,D,8,14,5,5,6,2,7,7,0,0,0,0,2022-2023
19/10/2022,Liverpool,West Ham,1,0,H,1,0,H,22,8,7,3,8,3,9,8,0,0,0,0,2022-2023
19/10/2022,Newcastle,Everton,1,0,H,1,0,H,16,1,4,0,8,2,9,12,2,4,0,0,2022-2023
19/10/2022,Man United,Tottenham,2,0,H,0,0,D,28,9,10,2,8,3,7,7,1,0,0,0,2022-2023
20/10/2022,Fulham,Aston Villa,3,0,H,1,0,H,18,12,8,6,9,7,11,11,0,2,0,1,2022-2023
20/10/2022,Leicester,Leeds,2,0,H,2,0,H,5,14,1,2,2,9,15,11,2,1,0,0,2022-2023
22/10/2022,Nott'm Forest,Liverpool,1,0,H,0,0,D,10,15,7,7,2,11,14,8,2,1,0,0,2022-2023
22/10/2022,Everton,Crystal Palace,3,0,H,1,0,H,9,9,6,2,3,4,16,14,3,4,0,0,2022-2023
22/10/2022,Man City,Brighton,3,1,H,2,0,H,10,8,4,2,7,3,11,12,1,3,0,0,2022-2023
22/10/2022,Chelsea,Man United,1,1,D,0,0,D,6,13,2,6,6,4,8,10,1,4,0,0,2022-2023
23/10/2022,Aston Villa,Brentford,4,0,H,3,0,H,19,12,11,3,7,6,14,11,1,0,0,0,2022-2023
23/10/2022,Leeds,Fulham,2,3,A,1,1,D,14,11,5,5,3,6,12,8,1,1,0,0,2022-2023
23/10/2022,Southampton,Arsenal,1,1,D,0,1,A,10,12,3,3,9,4,11,8,2,1,0,0,2022-2023
23/10/2022,Wolves,Leicester,0,4,A,0,2,A,21,5,5,4,9,2,10,13,2,1,0,0,2022-2023
23/10/2022,Tottenham,Newcastle,1,2,A,0,2,A,17,13,5,5,6,7,12,6,4,2,0,0,2022-2023
24/10/2022,West Ham,Bournemouth,2,0,H,1,0,H,20,5,4,3,5,0,9,11,0,2,0,0,2022-2023
29/10/2022,Leicester,Man City,0,1,A,0,0,D,10,15,5,5,3,10,5,10,0,0,0,0,2022-2023
29/10/2022,Bournemouth,Tottenham,2,3,A,1,0,H,6,23,4,7,2,19,10,5,1,2,0,0,2022-2023
29/10/2022,Brentford,Wolves,1,1,D,0,0,D,12,14,3,4,3,6,10,17,3,3,0,1,2022-2023
29/10/2022,Brighton,Chelsea,4,1,H,3,0,H,19,15,9,7,8,7,16,6,1,2,0,0,2022-2023
29/10/2022,Crystal Palace,Southampton,1,0,H,1,0,H,12,14,3,4,8,4,13,12,3,3,0,0,2022-2023
29/10/2022,Newcastle,Aston Villa,4,0,H,1,0,H,20,3,7,0,3,0,11,11,1,1,0,0,2022-2023
29/10/2022,Fulham,Everton,0,0,D,0,0,D,24,9,6,4,13,4,10,8,2,1,0,0,2022-2023
29/10/2022,Liverpool,Leeds,1,2,A,1,1,D,22,14,10,6,14,5,9,3,0,1,0,0,2022-2023
30/10/2022,Arsenal,Nott'm Forest,5,0,H,1,0,H,24,5,10,2,9,4,9,8,0,1,0,0,2022-2023
30/10/2022,Man United,West Ham,1,0,H,1,0,H,16,13,3,5,5,10,12,10,1,3,0,0,2022-2023
05/11/2022,Leeds,Bournemouth,4,3,H,1,2,A,18,9,4,6,13,3,16,10,2,2,0,0,2022-2023
05/11/2022,Man City,Fulham,2,1,H,1,1,D,16,4,5,2,9,0,6,11,2,4,1,0,2022-2023
05/11/2022,Nott'm Forest,Brentford,2,2,D,1,1,D,15,6,7,2,3,3,10,11,2,2,0,0,2022-2023
05/11/2022,Wolves,Brighton,2,3,A,2,2,D,8,19,5,8,4,9,15,11,2,0,1,0,2022-2023
05/11/2022,Everton,Leicester,0,2,A,0,1,A,12,22,2,8,8,3,9,5,0,0,0,0,2022-2023
06/11/2022,Chelsea,Arsenal,0,1,A,0,0,D,5,14,1,2,4,6,20,13,5,2,0,0,2022-2023
06/11/2022,Aston Villa,Man United,3,1,H,2,1,H,6,8,4,3,3,5,6,12,3,3,0,0,2022-2023
06/11/2022,Southampton,Newcastle,1,4,A,0,1,A,16,7,5,4,8,2,7,10,1,0,0,0,2022-2023
06/11/2022,West Ham,Crystal Palace,1,2,A,1,1,D,5,15,2,6,2,5,10,7,1,1,0,0,2022-2023
06/11/2022,Tottenham,Liverpool,1,2,A,0,2,A,14,13,5,6,5,3,10,8,0,0,0,0,2022-2023
12/11/2022,Man City,Brentford,1,2,A,1,1,D,29,10,6,8,10,2,9,7,2,2,0,0,2022-2023
12/11/2022,Bournemouth,Everton,3,0,H,2,0,H,16,15,9,3,3,5,12,8,2,0,0,0,2022-2023
12/11/2022,Liverpool,Southampton,3,1,H,3,1,H,15,9,7,5,6,0,8,8,0,2,0,0,2022-2023
12/11/2022,Nott'm Forest,Crystal Palace,1,0,H,0,0,D,9,8,2,0,1,5,11,13,1,4,0,0,2022-2023
12/11/2022,Tottenham,Leeds,4,3,H,1,2,A,14,12,8,5,9,2,8,7,1,1,0,1,2022-2023
12/11/2022,West Ham,Leicester,0,2,A,0,1,A,18,9,6,6,7,2,9,8,3,1,0,0,2022-2023
12/11/2022,Newcastle,Chelsea,1,0,H,0,0,D,10,5,3,2,5,3,14,11,3,2,0,0,2022-2023
12/11/2022,Wolves,Arsenal,0,2,A,0,0,D,11,14,2,4,6,4,5,6,3,2,0,0,2022-2023
13/11/2022,Brighton,Aston Villa,1,2,A,1,1,D,7,8,2,2,11,4,14,11,2,7,0,0,2022-2023
13/11/2022,Fulham,Man United,1,2,A,0,1,A,14,14,7,9,10,3,9,10,1,1,0,0,2022-2023
26/12/2022,Brentford,Tottenham,2,2,D,1,0,H,9,16,5,8,6,5,11,10,3,1,0,0,2022-2023
26/12/2022,Crystal Palace,Fulham,0,3,A,0,1,A,4,23,0,11,1,8,12,15,0,0,2,0,2022-2023
26/12/2022,Everton,Wolves,1,2,A,1,1,D,12,7,6,4,2,2,9,22,1,6,0,0,2022-2023
26/12/2022,Leicester,Newcastle,0,3,A,0,3,A,8,12,2,5,5,5,9,6,0,0,0,0,2022-2023
26/12/2022,Southampton,Brighton,1,3,A,0,2,A,14,7,4,4,4,2,9,10,1,2,0,0,2022-2023
26/12/2022,Aston Villa,Liverpool,1,3,A,0,2,A,12,16,6,9,0,6,7,12,0,0,0,0,2022-2023
26/12/2022,Arsenal,West Ham,3,1,H,0,1,A,16,8,5,4,7,5,13,17,0,2,0,0,2022-2023
27/12/2022,Chelsea,Bournemouth,2,0,H,2,0,H,15,9,5,4,6,8,8,10,0,0,0,0,2022-2023
27/12/2022,Man United,Nott'm Forest,3,0,H,2,0,H,17,8,8,3,9,9,13,4,3,1,0,0,2022-2023
28/12/2022,Leeds,Man City,1,3,A,0,1,A,9,26,1,9,3,5,11,14,3,3,0,0,2022-2023
30/12/2022,West Ham,Brentford,0,2,A,0,2,A,20,9,5,6,8,1,9,5,1,0,0,0,2022-2023
30/12/2022,Liverpool,Leicester,2,1,H,2,1,H,21,7,5,2,4,5,8,15,0,1,0,0,2022-2023
31/12/2022,Wolves,Man United,0,1,A,0,0,D,10,16,3,6,7,5,11,11,1,3,0,0,2022-2023
31/12/2022,Bournemouth,Crystal Palace,0,2,A,0,2,A,6,15,2,6,2,7,17,11,4,1,0,0,2022-2023
31/12/2022,Fulham,Southampton,2,1,H,1,0,H,8,9,2,3,4,4,8,13,0,1,0,0,2022-2023
31/12/2022,Man City,Everton,1,1,D,1,0,H,16,2,3,1,7,1,13,14,3,4,0,0,2022-2023
31/12/2022,Newcastle,Leeds,0,0,D,0,0,D,16,8,5,1,9,3,13,19,3,5,0,0,2022-2023
31/12/2022,Brighton,Arsenal,2,4,A,0,2,A,9,14,5,7,7,4,7,11,3,3,0,0,2022-2023
01/01/2023,Tottenham,Aston Villa,0,2,A,0,0,D,6,13,2,4,5,3,15,10,4,3,0,0,2022-2023
01/01/2023,Nott'm Forest,Chelsea,1,1,D,0,1,A,12,7,5,2,1,2,16,14,2,2,0,0,2022-2023
02/01/2023,Brentford,Liverpool,3,1,H,2,0,H,10,16,7,6,4,9,5,8,1,3,0,0,2022-2023
03/01/2023,Arsenal,Newcastle,0,0,D,0,0,D,17,8,4,1,5,5,10,16,4,4,0,0,2022-2023
03/01/2023,Everton,Brighton,1,4,A,0,1,A,10,19,4,8,5,2,8,10,3,1,0,0,2022-2023
03/01/2023,Leicester,Fulham,0,1,A,0,1,A,15,11,6,2,6,3,12,11,2,6,0,0,2022-2023
03/01/2023,Man United,Bournemouth,3,0,H,1,0,H,18,7,6,4,6,5,13,7,0,3,0,0,2022-2023
04/01/2023,Southampton,Nott'm Forest,0,1,A,0,1,A,8,11,0,1,6,2,14,17,2,2,0,0,2022-2023
04/01/2023,Leeds,West Ham,2,2,D,1,1,D,14,15,6,2,8,1,11,18,3,1,0,0,2022-2023
04/01/2023,Aston Villa,Wolves,1,1,D,0,1,A,13,10,4,3,7,8,6,12,1,3,0,0,2022-2023
04/01/2023,Crystal Palace,Tottenham,0,4,A,0,0,D,19,14,4,6,10,4,11,8,1,2,0,0,2022-2023
05/01/2023,Chelsea,Man City,0,1,A,0,0,D,8,12,2,3,3,2,9,9,2,0,0,0,2022-2023
12/01/2023,Fulham,Chelsea,2,1,H,1,0,H,8,20,3,10,5,7,12,16,4,3,0,1,2022-2023
13/01/2023,Aston Villa,Leeds,2,1,H,1,0,H,11,16,5,4,0,11,12,8,2,2,0,0,2022-2023
14/01/2023,Man United,Man City,2,1,H,0,0,D,8,5,4,1,1,2,15,5,3,0,0,0,2022-2023
14/01/2023,Brighton,Liverpool,3,0,H,0,0,D,16,6,9,2,7,1,8,15,1,3,0,0,2022-2023
14/01/2023,Everton,Southampton,1,2,A,1,0,H,12,13,4,5,6,4,7,19,0,3,0,0,2022-2023
14/01/2023,Nott'm Forest,Leicester,2,0,H,0,0,D,15,6,5,1,3,5,11,12,1,2,0,0,2022-2023
14/01/2023,Wolves,West Ham,1,0,H,0,0,D,17,16,4,4,4,3,10,7,0,2,0,0,2022-2023
14/01/2023,Brentford,Bournemouth,2,0,H,1,0,H,12,7,4,2,5,3,5,9,1,1,0,0,2022-2023
15/01/2023,Chelsea,Crystal Palace,1,0,H,0,0,D,15,10,5,5,11,7,10,17,2,5,0,0,2022-2023
15/01/2023,Newcastle,Fulham,1,0,H,0,0,D,20,5,5,0,10,5,6,14,1,3,0,0,2022-2023
15/01/2023,Tottenham,Arsenal,0,2,A,0,2,A,17,14,7,5,4,3,16,15,4,2,0,0,2022-2023
18/01/2023,Crystal Palace,Man United,1,1,D,0,1,A,10,15,5,4,3,3,9,10,1,2,0,0,2022-2023
19/01/2023,Man City,Tottenham,4,2,H,0,2,A,16,9,6,3,8,3,10,14,1,2,0,0,2022-2023
21/01/2023,Liverpool,Chelsea,0,0,D,0,0,D,15,11,3,2,5,5,16,9,3,1,0,0,2022-2023
21/01/2023,Bournemouth,Nott'm Forest,1,1,D,1,0,H,16,20,4,5,4,6,10,7,1,2,0,0,2022-2023
21/01/2023,Leicester,Brighton,2,2,D,1,1,D,9,13,2,4,5,6,9,9,0,1,0,0,2022-2023
21/01/2023,Southampton,Aston Villa,0,1,A,0,0,D,8,16,5,5,2,2,19,9,1,2,0,0,2022-2023
21/01/2023,West Ham,Everton,2,0,H,2,0,H,11,5,4,2,4,9,9,6,1,1,0,0,2022-2023
21/01/2023,Crystal Palace,Newcastle,0,0,D,0,0,D,6,16,1,7,3,15,13,7,4,2,0,0,2022-2023
22/01/2023,Leeds,Brentford,0,0,D,0,0,D,9,6,5,0,2,3,10,18,2,2,0,0,2022-2023
22/01/2023,Man City,Wolves,3,0,H,1,0,H,13,10,7,1,5,7,10,10,1,2,0,0,2022-2023
22/01/2023,Arsenal,Man United,3,2,H,1,1,D,25,6,5,4,12,4,8,9,1,2,0,0,2022-2023
23/01/2023,Fulham,Tottenham,0,1,A,0,1,A,10,10,5,3,3,8,10,10,1,3,0,0,2022-2023
03/02/2023,Chelsea,Fulham,0,0,D,0,0,D,12,10,3,4,6,2,16,12,1,4,0,0,2022-2023
04/02/2023,Everton,Arsenal,1,0,H,0,0,D,12,15,4,3,7,5,13,8,4,1,0,0,2022-2023
04/02/2023,Aston Villa,Leicester,2,4,A,2,3,A,19,9,4,5,11,3,10,10,0,2,0,0,2022-2023
04/02/2023,Brentford,Southampton,3,0,H,2,0,H,14,14,4,6,4,4,10,9,1,2,0,0,2022-2023
04/02/2023,Brighton,Bournemouth,1,0,H,0,0,D,20,12,6,2,7,3,14,7,3,1,0,0,2022-2023
04/02/2023,Man United,Crystal Palace,2,1,H,1,0,H,14,10,5,3,5,5,9,9,1,2,1,0,2022-2023
04/02/2023,Wolves,Liverpool,3,0,H,2,0,H,12,22,6,4,2,7,9,7,1,1,0,0,2022-2023
04/02/2023,Newcastle,West Ham,1,1,D,1,1,D,8,10,2,1,4,2,11,13,2,1,0,0,2022-2023
05/02/2023,Nott'm Forest,Leeds,1,0,H,1,0,H,6,10,2,4,0,2,15,14,4,2,0,0,2022-2023
05/02/2023,Tottenham,Man City,1,0,H,1,0,H,12,15,3,5,4,6,19,14,2,3,1,0,2022-2023
08/02/2023,Man United,Leeds,2,2,D,0,1,A,24,8,7,2,6,5,7,11,1,3,0,0,2022-2023
11/02/2023,West Ham,Chelsea,1,1,D,1,1,D,10,12,2,4,5,6,9,11,1,1,0,0,2022-2023
11/02/2023,Arsenal,Brentford,1,1,D,0,0,D,23,9,7,2,7,4,9,9,0,2,0,0,2022-2023
11/02/2023,Crystal Palace,Brighton,1,1,D,0,0,D,6,17,1,7,1,6,10,11,4,1,0,0,2022-2023
11/02/2023,Fulham,Nott'm Forest,2,0,H,1,0,H,16,10,3,1,5,4,9,11,0,1,0,0,2022-2023
11/02/2023,Leicester,Tottenham,4,1,H,3,1,H,15,11,7,4,1,5,14,9,5,2,0,0,2022-2023
11/02/2023,Southampton,Wolves,1,2,A,1,0,H,17,11,2,2,5,2,12,14,2,2,0,1,2022-2023
11/02/2023,Bournemouth,Newcastle,1,1,D,1,1,D,11,15,5,7,4,6,8,10,2,3,0,0,2022-2023
12/02/2023,Leeds,Man United,0,2,A,0,0,D,16,11,6,5,7,3,10,13,2,1,0,0,2022-2023
12/02/2023,Man City,Aston Villa,3,1,H,3,0,H,17,6,9,2,8,4,13,14,1,2,0,0,2022-2023
13/02/2023,Liverpool,Everton,2,0,H,1,0,H,15,6,6,1,3,3,8,16,1,3,0,0,2022-2023
15/02/2023,Arsenal,Man City,1,3,A,1,1,D,10,9,1,6,1,3,11,15,2,3,0,0,2022-2023
18/02/2023,Aston Villa,Arsenal,2,4,A,2,1,H,7,20,5,5,2,9,13,4,2,1,0,0,2022-2023
18/02/2023,Brentford,Crystal Palace,1,1,D,0,0,D,12,10,5,4,2,6,10,8,2,2,0,0,2022-2023
18/02/2023,Brighton,Fulham,0,1,A,0,0,D,21,5,7,2,10,2,12,14,0,5,0,0,2022-2023
18/02/2023,Chelsea,Southampton,0,1,A,0,1,A,17,8,5,5,8,2,16,24,3,6,0,0,2022-2023
18/02/2023,Everton,Leeds,1,0,H,0,0,D,15,8,6,0,6,4,8,6,2,3,0,0,2022-2023
18/02/2023,Nott'm Forest,Man City,1,1,D,0,1,A,4,26,1,6,0,10,8,6,1,0,0,0,2022-2023
18/02/2023,Wolves,Bournemouth,0,1,A,0,0,D,15,5,4,1,12,2,12,10,3,3,0,0,2022-2023
18/02/2023,Newcastle,Liverpool,0,2,A,0,2,A,14,13,4,7,6,7,3,8,1,1,1,0,2022-2023
19/02/2023,Man United,Leicester,3,0,H,1,0,H,26,19,8,3,6,6,9,9,0,2,0,0,2022-2023
19/02/2023,Tottenham,West Ham,2,0,H,0,0,D,16,6,6,1,4,7,16,10,2,1,0,0,2022-2023
24/02/2023,Fulham,Wolves,1,1,D,0,1,A,10,8,5,2,4,3,12,17,2,0,0,0,2022-2023
25/02/2023,Everton,Aston Villa,0,2,A,0,0,D,15,9,5,5,5,1,12,12,2,1,0,0,2022-2023
25/02/2023,Leeds,Southampton,1,0,H,0,0,D,14,8,4,2,9,2,15,13,2,4,0,0,2022-2023
25/02/2023,Leicester,Arsenal,0,1,A,0,0,D,1,10,0,2,0,8,14,9,0,1,0,0,2022-2023
25/02/2023,West Ham,Nott'm Forest,4,0,H,0,0,D,18,8,5,3,12,3,8,5,0,0,0,0,2022-2023
25/02/2023,Bournemouth,Man City,1,4,A,0,3,A,13,20,2,5,4,6,10,9,2,2,0,0,2022-2023
25/02/2023,Crystal Palace,Liverpool,0,0,D,0,0,D,6,12,0,4,5,3,11,14,2,5,0,0,2022-2023
26/02/2023,Tottenham,Chelsea,2,0,H,0,0,D,8,10,3,2,4,4,10,10,2,3,0,0,2022-2023
01/03/2023,Arsenal,Everton,4,0,H,2,0,H,15,8,5,5,5,1,5,12,0,2,0,0,2022-2023
01/03/2023,Liverpool,Wolves,2,0,H,0,0,D,15,4,6,1,5,2,13,14,2,3,0,0,2022-2023
04/03/2023,Man City,Newcastle,2,0,H,1,0,H,11,5,3,2,8,4,8,13,2,4,0,0,2022-2023
04/03/2023,Arsenal,Bournemouth,3,2,H,0,1,A,31,4,9,4,17,1,6,8,0,2,0,0,2022-2023
04/03/2023,Aston Villa,Crystal Palace,1,0,H,1,0,H,8,3,1,0,2,4,14,17,2,3,0,1,2022-2023
04/03/2023,Brighton,West Ham,4,0,H,1,0,H,20,3,9,2,7,3,6,8,0,3,0,0,2022-2023
04/03/2023,Chelsea,Leeds,1,0,H,0,0,D,13,11,3,2,5,7,10,7,2,0,0,0,2022-2023
04/03/2023,Wolves,Tottenham,1,0,H,0,0,D,8,21,5,6,4,8,11,18,1,1,0,0,2022-2023
04/03/2023,Southampton,Leicester,1,0,H,1,0,H,11,11,5,0,3,4,12,11,4,2,0,0,2022-2023
05/03/2023,Nott'm Forest,Everton,2,2,D,1,2,A,10,10,4,3,3,3,11,17,3,5,0,0,2022-2023
05/03/2023,Liverpool,Man United,7,0,H,1,0,H,18,8,8,4,4,3,13,14,2,3,0,0,2022-2023
06/03/2023,Brentford,Fulham,3,2,H,1,1,D,14,9,6,5,2,3,12,17,0,3,0,0,2022-2023
11/03/2023,Bournemouth,Liverpool,1,0,H,1,0,H,5,15,2,6,3,8,7,9,2,1,0,0,2022-2023
11/03/2023,Everton,Brentford,1,0,H,1,0,H,13,12,6,4,5,8,11,12,2,1,0,0,2022-2023
11/03/2023,Leeds,Brighton,2,2,D,1,1,D,12,14,4,2,4,7,12,9,1,1,0,0,2022-2023
11/03/2023,Leicester,Chelsea,1,3,A,1,2,A,17,12,7,6,2,5,10,11,1,2,1,0,2022-2023
11/03/2023,Tottenham,Nott'm Forest,3,1,H,2,0,H,15,9,7,5,2,10,13,13,3,1,0,0,2022-2023
11/03/2023,Crystal Palace,Man City,0,1,A,0,0,D,4,14,0,4,2,6,11,17,2,2,0,0,2022-2023
12/03/2023,Fulham,Arsenal,0,3,A,0,3,A,12,15,2,7,4,8,10,9,0,1,0,0,2022-2023
12/03/2023,Man United,Southampton,0,0,D,0,0,D,10,17,4,4,7,8,12,9,2,0,0,0,2022-2023
12/03/2023,West Ham,Aston Villa,1,1,D,1,1,D,17,12,6,4,13,2,8,6,1,0,0,0,2022-2023
12/03/2023,Newcastle,Wolves,2,1,H,1,0,H,19,7,8,4,10,3,11,10,1,2,0,0,2022-2023
15/03/2023,Brighton,Crystal Palace,1,0,H,1,0,H,11,11,5,3,1,4,13,20,1,2,0,0,2022-2023
15/03/2023,Southampton,Brentford,0,2,A,0,1,A,7,11,1,5,3,3,14,10,1,2,0,0,2022-2023
17/03/2023,Nott'm Forest,Newcastle,1,2,A,1,1,D,5,15,3,4,3,7,17,9,5,1,0,0,2022-2023
18/03/2023,Aston Villa,Bournemouth,3,0,H,1,0,H,20,10,9,3,9,6,8,13,1,4,0,0,2022-2023
18/03/2023,Brentford,Leicester,1,1,D,1,0,H,11,14,2,1,8,4,10,11,1,2,1,0,2022-2023
18/03/2023,Southampton,Tottenham,3,3,D,0,1,A,19,17,7,3,10,3,13,8,1,1,0,0,2022-2023
18/03/2023,Wolves,Leeds,2,4,A,0,1,A,23,11,8,4,5,4,15,9,3,5,1,0,2022-2023
18/03/2023,Chelsea,Everton,2,2,D,0,0,D,20,12,7,3,8,2,8,12,2,2,0,0,2022-2023
19/03/2023,Arsenal,Crystal Palace,4,1,H,2,0,H,15,8,5,4,5,4,8,10,0,1,0,0,2022-2023
01/04/2023,Man City,Liverpool,4,1,H,1,1,D,17,4,8,1,7,1,9,12,1,1,0,0,2022-2023
01/04/2023,Arsenal,Leeds,4,1,H,1,0,H,13,7,6,5,4,3,11,13,0,2,0,0,2022-2023
01/04/2023,Bournemouth,Fulham,2,1,H,0,1,A,12,10,7,2,4,3,15,13,1,4,0,0,2022-2023
01/04/2023,Brighton,Brentford,3,3,D,2,2,D,33,7,15,5,14,0,16,10,2,1,0,0,2022-2023
01/04/2023,Crystal Palace,Leicester,2,1,H,0,0,D,31,3,9,2,10,1,12,16,3,4,0,0,2022-2023
01/04/2023,Nott'm Forest,Wolves,1,1,D,1,0,H,17,8,7,1,4,3,14,13,3,5,0,0,2022-2023
01/04/2023,Chelsea,Aston Villa,0,2,A,0,1,A,27,5,8,2,13,2,14,16,3,3,0,0,2022-2023
02/04/2023,West Ham,Southampton,1,0,H,1,0,H,12,9,2,3,5,3,10,11,0,2,0,0,2022-2023
02/04/2023,Newcastle,Man United,2,0,H,0,0,D,22,6,6,1,7,4,8,12,0,0,0,0,2022-2023
03/04/2023,Everton,Tottenham,1,1,D,0,0,D,15,8,6,2,3,3,10,14,0,3,1,1,2022-2023
04/04/2023,Bournemouth,Brighton,0,2,A,0,1,A,14,16,3,6,5,5,11,5,1,1,0,0,2022-2023
04/04/2023,Leeds,Nott'm Forest,2,1,H,2,1,H,21,13,6,1,11,4,11,13,1,4,0,0,2022-2023
04/04/2023,Leicester,Aston Villa,1,2,A,1,1,D,9,15,4,5,4,8,10,14,2,0,1,0,2022-2023
04/04/2023,Chelsea,Liverpool,0,0,D,0,0,D,12,7,3,4,3,5,6,17,1,4,0,0,2022-2023
05/04/2023,Man United,Brentford,1,0,H,1,0,H,18,6,3,1,12,3,8,13,3,2,0,0,2022-2023
05/04/2023,West Ham,Newcastle,1,5,A,1,2,A,7,15,2,8,7,6,11,12,2,1,0,0,2022-2023
08/04/2023,Man United,Everton,2,0,H,1,0,H,29,15,11,1,10,4,10,9,0,0,0,0,2022-2023
08/04/2023,Aston Villa,Nott'm Forest,2,0,H,0,0,D,8,6,3,2,1,8,7,17,3,4,0,0,2022-2023
08/04/2023,Brentford,Newcastle,1,2,A,1,0,H,12,10,6,4,6,5,10,15,0,0,0,0,2022-2023
08/04/2023,Fulham,West Ham,0,1,A,0,1,A,16,9,3,5,11,4,10,12,1,1,0,0,2022-2023
08/04/2023,Leicester,Bournemouth,0,1,A,0,1,A,14,19,4,7,6,6,10,13,0,3,0,0,2022-2023
08/04/2023,Tottenham,Brighton,2,1,H,1,1,D,9,17,3,4,3,7,15,15,3,1,0,0,2022-2023
08/04/2023,Wolves,Chelsea,1,0,H,1,0,H,9,13,4,1,8,8,14,10,2,5,0,0,2022-2023
08/04/2023,Southampton,Man City,1,4,A,0,1,A,4,13,1,8,0,10,6,10,0,2,0,0,2022-2023
09/04/2023,Leeds,Crystal Palace,1,5,A,1,1,D,11,16,7,8,2,4,11,8,3,1,0,0,2022-2023
09/04/2023,Liverpool,Arsenal,2,2,D,1,2,A,21,9,6,5,5,4,11,11,4,4,0,0,2022-2023
15/04/2023,Aston Villa,Newcastle,3,0,H,1,0,H,16,8,6,2,7,2,13,15,1,1,0,0,2022-2023
15/04/2023,Chelsea,Brighton,1,2,A,1,1,D,8,26,2,10,2,8,11,11,2,2,0,0,2022-2023
15/04/2023,Everton,Fulham,1,3,A,1,1,D,15,21,7,7,4,8,10,6,3,2,0,0,2022-2023
15/04/2023,Southampton,Crystal Palace,0,2,A,0,0,D,11,9,4,2,6,2,6,13,3,1,0,0,2022-2023
15/04/2023,Tottenham,Bournemouth,2,3,A,1,1,D,24,6,8,6,8,1,8,9,1,2,0,0,2022-2023
15/04/2023,Wolves,Brentford,2,0,H,1,0,H,11,10,9,3,5,2,12,8,1,1,0,0,2022-2023
15/04/2023,Man City,Leicester,3,1,H,3,0,H,12,10,4,4,6,2,8,8,1,1,0,0,2022-2023
16/04/2023,West Ham,Arsenal,2,2,D,1,2,A,16,11,3,5,7,2,11,8,1,2,0,0,2022-2023
16/04/2023,Nott'm Forest,Man United,0,2,A,0,1,A,6,22,0,8,4,9,9,9,2,2,0,0,2022-2023
17/04/2023,Leeds,Liverpool,1,6,A,0,2,A,13,13,3,7,4,2,6,12,0,1,0,0,2022-2023
21/04/2023,Arsenal,Southampton,3,3,D,1,2,A,25,8,6,6,7,2,10,14,1,5,0,0,2022-2023
22/04/2023,Fulham,Leeds,2,1,H,0,0,D,12,10,5,2,8,6,10,15,1,4,0,0,2022-2023
22/04/2023,Brentford,Aston Villa,1,1,D,0,0,D,6,14,5,2,8,4,12,8,3,2,0,0,2022-2023
22/04/2023,Crystal Palace,Everton,0,0,D,0,0,D,12,10,2,5,8,1,12,14,1,1,0,1,2022-2023
22/04/2023,Leicester,Wolves,2,1,H,1,1,D,15,16,8,3,1,7,17,16,1,3,0,0,2022-2023
22/04/2023,Liverpool,Nott'm Forest,3,2,H,0,0,D,18,11,6,5,9,3,9,12,0,1,0,0,2022-2023
23/04/2023,Bournemouth,West Ham,0,4,A,0,3,A,17,18,5,10,8,5,7,8,1,2,0,0,2022-2023
23/04/2023,Newcastle,Tottenham,6,1,H,5,0,H,25,11,8,3,9,3,7,13,0,3,0,0,2022-2023
25/04/2023,Wolves,Crystal Palace,2,0,H,1,0,H,9,14,3,4,6,11,13,14,5,4,0,0,2022-2023
25/04/2023,Aston Villa,Fulham,1,0,H,1,0,H,14,1,3,0,8,2,6,18,3,2,0,0,2022-2023
25/04/2023,Leeds,Leicester,1,1,D,1,0,H,13,15,3,3,3,6,14,15,4,2,0,0,2022-2023
26/04/2023,Nott'm Forest,Brighton,3,1,H,1,1,D,12,17,5,7,2,7,7,8,2,0,0,0,2022-2023
26/04/2023,Chelsea,Brentford,0,2,A,0,1,A,15,7,4,1,5,2,5,13,1,2,0,0,2022-2023
26/04/2023,West Ham,Liverpool,1,2,A,1,1,D,7,20,2,4,3,6,6,8,0,0,0,0,2022-2023
26/04/2023,Man City,Arsenal,4,1,H,2,0,H,14,8,9,2,1,3,13,13,3,1,0,0,2022-2023
27/04/2023,Everton,Newcastle,1,4,A,0,1,A,13,15,5,8,3,14,8,6,2,1,0,0,2022-2023
27/04/2023,Southampton,Bournemouth,0,1,A,0,0,D,11,16,2,2,6,4,9,11,0,3,0,0,2022-2023
27/04/2023,Tottenham,Man United,2,2,D,0,2,A,18,17,7,8,6,8,8,7,1,2,0,0,2022-2023
29/04/2023,Crystal Palace,West Ham,4,3,H,3,2,H,16,8,6,4,8,5,9,17,1,2,0,0,2022-2023
29/04/2023,Brentford,Nott'm Forest,2,1,H,0,1,A,14,5,8,3,6,0,6,13,1,2,0,0,2022-2023
29/04/2023,Brighton,Wolves,6,0,H,4,0,H,22,10,8,2,2,5,14,11,1,1,0,0,2022-2023
30/04/2023,Bournemouth,Leeds,4,1,H,2,1,H,12,15,7,6,2,6,12,14,1,0,0,0,2022-2023
30/04/2023,Fulham,Man City,1,2,A,1,2,A,4,12,1,9,2,5,9,10,1,3,0,0,2022-2023
30/04/2023,Man United,Aston Villa,1,0,H,1,0,H,14,7,6,1,1,4,16,7,2,0,0,0,2022-2023
30/04/2023,Newcastle,Southampton,3,1,H,0,1,A,22,4,5,3,11,2,7,10,1,4,0,0,2022-2023
30/04/2023,Liverpool,Tottenham,4,3,H,3,1,H,12,10,4,7,5,2,12,6,3,2,0,0,2022-2023
01/05/2023,Leicester,Everton,2,2,D,2,1,H,15,23,6,8,2,9,10,12,4,1,0,0,2022-2023
02/05/2023,Arsenal,Chelsea,3,1,H,3,0,H,16,7,10,4,7,2,10,10,0,2,0,0,2022-2023
03/05/2023,Liverpool,Fulham,1,0,H,1,0,H,15,9,3,3,7,5,10,8,0,0,0,0,2022-2023
03/05/2023,Man City,West Ham,3,0,H,0,0,D,16,6,7,2,6,3,8,8,0,1,0,0,2022-2023
04/05/2023,Brighton,Man United,1,0,H,0,0,D,22,16,6,5,8,6,10,14,4,4,0,0,2022-2023
06/05/2023,Bournemouth,Chelsea,1,3,A,1,1,D,10,11,4,5,7,7,9,11,1,3,0,0,2022-2023
06/05/2023,Man City,Leeds,2,1,H,2,0,H,18,4,6,2,10,1,3,16,0,3,0,0,2022-2023
06/05/2023,Tottenham,Crystal Palace,1,0,H,1,0,H,8,7,3,2,8,4,15,14,3,5,0,0,2022-2023
06/05/2023,Wolves,Aston Villa,1,0,H,1,0,H,6,16,2,3,5,6,20,9,3,3,0,0,2022-2023
06/05/2023,Liverpool,Brentford,1,0,H,1,0,H,15,5,5,1,7,3,19,10,4,2,0,0,2022-2023
07/05/2023,Newcastle,Arsenal,0,2,A,0,1,A,12,10,5,6,9,4,16,12,2,1,0,0,2022-2023
07/05/2023,West Ham,Man United,1,0,H,1,0,H,15,19,4,4,5,6,4,9,0,2,0,0,2022-2023
08/05/2023,Fulham,Leicester,5,3,H,3,0,H,17,18,7,9,2,7,13,15,0,3,0,0,2022-2023
08/05/2023,Brighton,Everton,1,5,A,0,3,A,23,10,5,5,15,1,11,13,1,5,0,0,2022-2023
08/05/2023,Nott'm Forest,Southampton,4,3,H,3,1,H,9,19,4,5,2,11,16,10,1,0,0,0,2022-2023
13/05/2023,Leeds,Newcastle,2,2,D,1,1,D,9,18,4,5,2,6,16,14,3,2,1,0,2022-2023
13/05/2023,Aston Villa,Tottenham,2,1,H,1,0,H,8,5,4,2,8,3,9,14,3,3,0,0,2022-2023
13/05/2023,Chelsea,Nott'm Forest,2,2,D,0,1,A,14,11,6,2,2,5,13,15,3,1,0,0,2022-2023
13/05/2023,Crystal Palace,Bournemouth,2,0,H,1,0,H,17,5,5,0,11,2,5,12,0,2,0,0,2022-2023
13/05/2023,Man United,Wolves,2,0,H,1,0,H,27,5,9,0,11,7,9,9,3,2,0,0,2022-2023
13/05/2023,Southampton,Fulham,0,2,A,0,0,D,5,9,1,4,1,8,17,12,2,0,0,0,2022-2023
14/05/2023,Brentford,West Ham,2,0,H,2,0,H,24,4,10,4,7,5,5,5,1,0,0,0,2022-2023
14/05/2023,Everton,Man City,0,3,A,0,2,A,7,9,3,4,8,6,12,4,1,0,0,0,2022-2023
14/05/2023,Arsenal,Brighton,0,3,A,0,0,D,14,12,2,6,5,2,13,17,1,2,0,0,2022-2023
15/05/2023,Leicester,Liverpool,0,3,A,0,2,A,4,16,4,5,4,4,11,17,2,1,0,0,2022-2023
18/05/2023,Newcastle,Brighton,4,1,H,2,0,H,22,8,9,2,6,1,17,16,2,4,0,0,2022-2023
20/05/2023,Tottenham,Brentford,1,3,A,1,0,H,22,11,8,4,8,2,11,9,1,1,0,0,2022-2023
20/05/2023,Bournemouth,Man United,0,1,A,0,1,A,10,20,4,5,3,6,6,7,1,0,0,0,2022-2023
20/05/2023,Fulham,Crystal Palace,2,2,D,1,1,D,11,11,4,5,7,4,13,12,3,0,0,0,2022-2023
20/05/2023,Liverpool,Aston Villa,1,1,D,0,1,A,10,6,5,3,9,4,16,13,3,5,0,0,2022-2023
20/05/2023,Wolves,Everton,1,1,D,1,0,H,13,19,5,4,1,7,18,10,5,1,0,0,2022-2023
20/05/2023,Nott'm Forest,Arsenal,1,0,H,1,0,H,6,11,2,3,3,6,11,12,3,2,0,0,2022-2023
21/05/2023,West Ham,Leeds,3,1,H,1,1,D,19,12,9,3,9,5,6,11,1,3,0,0,2022-2023
21/05/2023,Brighton,Southampton,3,1,H,2,0,H,26,5,8,1,4,3,8,9,2,5,0,0,2022-2023
21/05/2023,Man City,Chelsea,1,0,H,1,0,H,15,13,2,6,5,2,12,9,0,2,0,0,2022-2023
22/05/2023,Newcastle,Leicester,0,0,D,0,0,D,23,1,4,1,12,1,9,5,2,0,0,0,2022-2023
24/05/2023,Brighton,Man City,1,1,D,1,1,D,20,13,7,4,5,1,16,11,2,1,0,0,2022-2023
25/05/2023,Man United,Chelsea,4,1,H,2,0,H,18,14,9,5,3,4,12,6,1,1,0,0,2022-2023
28/05/2023,Arsenal,Wolves,5,0,H,3,0,H,14,6,8,0,8,4,8,11,0,0,0,0,2022-2023
28/05/2023,Aston Villa,Brighton,2,1,H,2,1,H,12,8,5,4,4,3,15,16,4,4,0,0,2022-2023
28/05/2023,Brentford,Man City,1,0,H,0,0,D,11,17,4,3,3,4,12,8,4,0,0,0,2022-2023
28/05/2023,Chelsea,Newcastle,1,1,D,1,1,D,22,13,5,4,10,3,9,11,0,0,0,0,2022-2023
28/05/2023,Crystal Palace,Nott'm Forest,1,1,D,0,1,A,16,7,4,4,5,4,9,13,0,2,0,0,2022-2023
28/05/2023,Everton,Bournemouth,1,0,H,0,0,D,13,7,6,2,9,3,11,12,1,3,0,0,2022-2023
28/05/2023,Leeds,Tottenham,1,4,A,0,1,A,19,11,2,7,12,3,7,5,3,0,0,0,2022-2023
28/05/2023,Leicester,West Ham,2,1,H,1,0,H,13,16,4,3,3,5,8,10,1,1,0,0,2022-2023
28/05/2023,Man United,Fulham,2,1,H,1,1,D,21,10,8,3,5,4,14,10,1,2,0,0,2022-2023
28/05/2023,Southampton,Liverpool,4,4,D,2,2,D,15,30,10,8,2,9,4,10,0,2,0,0,2022-2023
11/08/2023,Burnley,Man City,0,3,A,0,2,A,6,17,1,8,6,5,11,8,0,0,1,0,2023-2024
12/08/2023,Arsenal,Nott'm Forest,2,1,H,2,0,H,15,6,7,2,8,3,12,12,2,2,0,0,2023-2024
12/08/2023,Bournemouth,West Ham,1,1,D,0,0,D,14,16,5,3,10,4,9,14,1,4,0,0,2023-2024
12/08/2023,Brighton,Luton,4,1,H,1,0,H,27,9,12,3,6,7,11,12,2,2,0,0,2023-2024
12/08/2023,Everton,Fulham,0,1,A,0,0,D,19,9,9,2,10,4,12,6,0,2,0,0,2023-2024
12/08/2023,Sheffield United,Crystal Palace,0,1,A,0,0,D,8,24,1,8,5,5,18,11,3,0,0,0,2023-2024
12/08/2023,Newcastle,Aston Villa,5,1,H,2,1,H,17,16,13,6,6,5,12,17,4,4,0,0,2023-2024
13/08/2023,Brentford,Tottenham,2,2,D,2,2,D,11,18,6,6,3,6,12,13,1,4,0,0,2023-2024
13/08/2023,Chelsea,Liverpool,1,1,D,1,1,D,10,13,4,1,4,4,5,12,3,3,0,0,2023-2024
14/08/2023,Man United,Wolves,1,0,H,0,0,D,15,23,3,6,8,7,14,10,2,3,0,0,2023-2024
18/08/2023,Nott'm Forest,Sheffield United,2,1,H,1,0,H,16,7,4,3,6,7,5,9,2,3,0,0,2023-2024
19/08/2023,Fulham,Brentford,0,3,A,0,1,A,10,17,2,8,5,5,13,12,2,2,1,0,2023-2024
19/08/2023,Liverpool,Bournemouth,3,1,H,2,1,H,26,13,10,5,10,2,11,13,1,3,1,0,2023-2024
19/08/2023,Wolves,Brighton,1,4,A,0,1,A,16,16,5,8,5,3,14,11,3,6,1,0,2023-2024
19/08/2023,Tottenham,Man United,2,0,H,0,0,D,17,22,6,6,5,6,9,8,1,3,0,0,2023-2024
19/08/2023,Man City,Newcastle,1,0,H,1,0,H,14,7,4,1,3,0,12,11,1,5,0,0,2023-2024
20/08/2023,Aston Villa,Everton,4,0,H,2,0,H,13,9,7,2,7,6,8,12,3,4,0,0,2023-2024
20/08/2023,West Ham,Chelsea,3,1,H,1,1,D,12,17,6,4,3,9,12,9,2,3,1,0,2023-2024
21/08/2023,Crystal Palace,Arsenal,0,1,A,0,0,D,14,14,2,3,1,8,14,10,2,1,0,1,2023-2024
25/08/2023,Chelsea,Luton,3,0,H,1,0,H,19,11,8,1,6,4,15,12,2,3,0,0,2023-2024
26/08/2023,Bournemouth,Tottenham,0,2,A,0,1,A,11,17,3,6,6,2,18,11,1,3,0,0,2023-2024
26/08/2023,Arsenal,Fulham,2,2,D,0,1,A,19,8,11,3,8,3,6,5,0,3,0,1,2023-2024
26/08/2023,Brentford,Crystal Palace,1,1,D,1,0,H,12,15,1,5,8,6,9,15,0,0,0,0,2023-2024
26/08/2023,Everton,Wolves,0,1,A,0,0,D,15,11,7,2,7,0,10,14,3,4,0,0,2023-2024
26/08/2023,Man United,Nott'm Forest,3,2,H,1,2,A,18,9,9,4,11,3,13,11,4,4,0,1,2023-2024
26/08/2023,Brighton,West Ham,1,3,A,0,1,A,25,12,10,3,17,4,10,9,1,3,0,0,2023-2024
27/08/2023,Burnley,Aston Villa,1,3,A,0,2,A,9,16,2,6,4,6,12,11,2,0,0,0,2023-2024
27/08/2023,Sheffield United,Man City,1,2,A,0,0,D,6,30,2,9,1,12,11,2,3,0,0,0,2023-2024
27/08/2023,Newcastle,Liverpool,1,2,A,1,0,H,23,9,8,4,5,9,16,10,1,2,0,1,2023-2024
01/09/2023,Luton,West Ham,1,2,A,0,1,A,16,9,1,3,9,6,8,13,1,1,0,0,2023-2024
02/09/2023,Sheffield United,Everton,2,2,D,2,1,H,13,16,8,6,4,6,11,13,1,2,0,0,2023-2024
02/09/2023,Brentford,Bournemouth,2,2,D,1,1,D,21,12,7,5,5,2,6,13,1,2,0,0,2023-2024
02/09/2023,Burnley,Tottenham,2,5,A,1,2,A,16,20,4,10,7,4,15,9,4,3,0,0,2023-2024
02/09/2023,Chelsea,Nott'm Forest,0,1,A,0,0,D,21,7,2,3,8,0,10,9,3,4,0,0,2023-2024
02/09/2023,Man City,Fulham,5,1,H,2,1,H,7,6,5,4,4,5,12,12,2,4,0,0,2023-2024
02/09/2023,Brighton,Newcastle,3,1,H,1,0,H,15,9,6,2,5,3,14,17,4,4,0,0,2023-2024
03/09/2023,Crystal Palace,Wolves,3,2,H,0,0,D,16,12,11,4,4,2,12,12,1,3,0,0,2023-2024
03/09/2023,Liverpool,Aston Villa,3,0,H,2,0,H,17,9,4,3,7,3,12,7,0,1,0,0,2023-2024
03/09/2023,Arsenal,Man United,3,1,H,1,1,D,17,10,5,2,12,3,8,7,2,3,0,0,2023-2024
16/09/2023,Wolves,Liverpool,1,3,A,1,0,H,11,16,2,6,4,4,10,4,1,3,0,0,2023-2024
16/09/2023,Aston Villa,Crystal Palace,3,1,H,0,0,D,16,6,5,3,4,2,13,9,5,3,0,0,2023-2024
16/09/2023,Fulham,Luton,1,0,H,0,0,D,13,7,2,2,6,2,6,14,2,2,0,0,2023-2024
16/09/2023,Man United,Brighton,1,3,A,0,1,A,14,10,4,8,8,1,8,9,2,2,0,0,2023-2024
16/09/2023,Tottenham,Sheffield United,2,1,H,0,0,D,28,7,10,5,15,2,13,14,6,5,0,1,2023-2024
16/09/2023,West Ham,Man City,1,3,A,1,0,H,6,29,3,15,4,11,7,11,3,2,0,0,2023-2024
16/09/2023,Newcastle,Brentford,1,0,H,0,0,D,9,11,2,2,8,3,8,12,3,5,0,0,2023-2024
17/09/2023,Bournemouth,Chelsea,0,0,D,0,0,D,13,14,4,6,1,7,15,20,1,5,0,0,2023-2024
17/09/2023,Everton,Arsenal,0,1,A,0,0,D,8,13,1,4,1,11,12,10,1,1,0,0,2023-2024
18/09/2023,Nott'm Forest,Burnley,1,1,D,0,1,A,14,10,4,3,5,4,16,10,2,3,0,1,2023-2024
23/09/2023,Crystal Palace,Fulham,0,0,D,0,0,D,7,10,3,5,3,2,10,15,3,2,0,0,2023-2024
23/09/2023,Luton,Wolves,1,1,D,0,0,D,20,3,4,3,10,1,12,17,0,2,0,1,2023-2024
23/09/2023,Man City,Nott'm Forest,2,0,H,2,0,H,7,10,4,3,6,6,5,17,3,7,1,0,2023-2024
23/09/2023,Brentford,Everton,1,3,A,1,1,D,12,18,2,6,1,4,9,12,2,2,0,0,2023-2024
23/09/2023,Burnley,Man United,0,1,A,0,1,A,12,11,4,4,9,5,6,12,1,2,0,0,2023-2024
24/09/2023,Arsenal,Tottenham,2,2,D,1,1,D,13,13,6,5,11,4,12,19,3,4,0,0,2023-2024
24/09/2023,Brighton,Bournemouth,3,1,H,1,1,D,13,12,4,4,4,4,12,17,3,3,0,0,2023-2024
24/09/2023,Chelsea,Aston Villa,0,1,A,0,0,D,10,15,4,7,5,11,9,11,2,3,0,0,2023-2024
24/09/2023,Liverpool,West Ham,3,1,H,1,1,D,22,11,7,4,7,4,12,13,0,2,0,0,2023-2024
24/09/2023,Sheffield United,Newcastle,0,8,A,0,3,A,9,22,1,15,2,6,12,8,3,0,0,0,2023-2024
30/09/2023,Aston Villa,Brighton,6,1,H,3,0,H,19,11,9,3,1,3,19,21,4,4,0,0,2023-2024
30/09/2023,Bournemouth,Arsenal,0,4,A,0,2,A,8,15,1,8,6,6,11,10,0,1,0,0,2023-2024
30/09/2023,Everton,Luton,1,2,A,1,2,A,23,9,5,2,3,6,8,10,0,1,0,0,2023-2024
30/09/2023,Man United,Crystal Palace,0,1,A,0,1,A,19,8,4,2,10,4,10,8,3,2,0,0,2023-2024
30/09/2023,Newcastle,Burnley,2,0,H,1,0,H,20,8,8,2,5,3,7,15,1,3,0,0,2023-2024
30/09/2023,West Ham,Sheffield United,2,0,H,2,0,H,20,16,9,2,7,4,6,9,1,1,0,0,2023-2024
30/09/2023,Wolves,Man City,2,1,H,1,0,H,3,23,1,8,0,6,18,12,5,4,0,0,2023-2024
30/09/2023,Tottenham,Liverpool,2,1,H,1,1,D,24,12,8,4,12,5,11,17,5,4,0,2,2023-2024
01/10/2023,Nott'm Forest,Brentford,1,1,D,0,0,D,6,18,1,5,1,11,6,10,1,2,1,0,2023-2024
02/10/2023,Fulham,Chelsea,0,2,A,0,2,A,10,11,3,4,8,1,15,12,1,4,0,0,2023-2024
03/10/2023,Luton,Burnley,1,2,A,0,1,A,18,14,3,4,7,6,14,6,4,2,0,0,2023-2024
07/10/2023,Luton,Tottenham,0,1,A,0,0,D,12,15,2,4,5,6,16,7,2,1,0,1,2023-2024
07/10/2023,Burnley,Chelsea,1,4,A,1,1,D,10,9,3,5,7,3,11,8,2,4,0,0,2023-2024
07/10/2023,Everton,Bournemouth,3,0,H,2,0,H,25,11,8,4,8,7,14,15,1,2,0,0,2023-2024
07/10/2023,Fulham,Sheffield United,3,1,H,0,0,D,20,5,6,2,9,4,8,10,1,2,0,0,2023-2024
07/10/2023,Man United,Brentford,2,1,H,0,1,A,21,11,8,3,7,5,10,17,0,5,0,0,2023-2024
07/10/2023,Crystal Palace,Nott'm Forest,0,0,D,0,0,D,8,16,2,5,3,7,7,12,0,1,0,0,2023-2024
08/10/2023,Brighton,Liverpool,2,2,D,1,2,A,14,14,3,4,8,1,12,20,1,2,0,0,2023-2024
08/10/2023,West Ham,Newcastle,2,2,D,1,0,H,5,10,3,3,4,2,11,18,3,3,0,0,2023-2024
08/10/2023,Wolves,Aston Villa,1,1,D,0,0,D,8,18,3,4,2,10,19,9,2,2,1,0,2023-2024
08/10/2023,Arsenal,Man City,1,0,H,0,0,D,12,4,2,1,5,4,8,7,2,3,0,0,2023-2024
21/10/2023,Liverpool,Everton,2,0,H,0,0,D,26,6,6,1,12,4,9,9,1,1,0,1,2023-2024
21/10/2023,Bournemouth,Wolves,1,2,A,1,0,H,7,20,4,7,3,12,15,10,2,6,1,0,2023-2024
21/10/2023,Brentford,Burnley,3,0,H,1,0,H,23,6,10,1,5,5,14,12,5,2,0,1,2023-2024
21/10/2023,Man City,Brighton,2,1,H,2,0,H,10,5,6,3,2,2,9,11,2,2,1,0,2023-2024
21/10/2023,Newcastle,Crystal Palace,4,0,H,3,0,H,10,17,7,3,6,8,7,12,2,3,0,0,2023-2024
21/10/2023,Nott'm Forest,Luton,2,2,D,0,0,D,19,13,8,4,4,2,12,11,3,0,0,0,2023-2024
21/10/2023,Chelsea,Arsenal,2,2,D,1,0,H,11,13,5,3,2,7,7,14,3,3,0,0,2023-2024
21/10/2023,Sheffield United,Man United,1,2,A,1,1,D,12,14,6,5,5,4,12,10,3,1,0,0,2023-2024
22/10/2023,Aston Villa,West Ham,4,1,H,1,0,H,15,14,7,4,8,7,9,15,0,1,0,0,2023-2024
23/10/2023,Tottenham,Fulham,2,0,H,1,0,H,15,10,5,3,3,5,10,14,2,0,0,0,2023-2024
27/10/2023,Crystal Palace,Tottenham,1,2,A,0,0,D,13,10,3,1,11,2,19,11,2,1,0,0,2023-2024
28/10/2023,Chelsea,Brentford,0,2,A,0,0,D,17,7,2,5,10,1,12,7,1,4,0,0,2023-2024
28/10/2023,Arsenal,Sheffield United,5,0,H,1,0,H,13,2,8,0,6,1,9,13,0,3,0,0,2023-2024
28/10/2023,Bournemouth,Burnley,2,1,H,1,1,D,13,6,6,3,10,5,9,12,2,3,0,0,2023-2024
28/10/2023,Wolves,Newcastle,2,2,D,1,2,A,11,13,6,5,8,7,13,15,1,4,0,0,2023-2024
29/10/2023,West Ham,Everton,0,1,A,0,0,D,12,10,2,4,4,3,7,11,4,1,0,0,2023-2024
29/10/2023,Aston Villa,Luton,3,1,H,1,0,H,17,7,6,1,6,4,11,10,3,2,0,0,2023-2024
29/10/2023,Brighton,Fulham,1,1,D,1,0,H,18,10,7,5,7,3,12,8,0,3,0,0,2023-2024
29/10/2023,Liverpool,Nott'm Forest,3,0,H,2,0,H,21,9,8,1,8,3,9,13,2,3,0,0,2023-2024
29/10/2023,Man United,Man City,0,3,A,0,1,A,7,21,3,10,7,12,9,4,4,1,0,0,2023-2024
04/11/2023,Fulham,Man United,0,1,A,0,0,D,18,12,3,5,9,4,9,15,5,2,0,0,2023-2024
04/11/2023,Brentford,West Ham,3,2,H,1,2,A,16,12,4,2,4,3,12,14,1,4,0,0,2023-2024
04/11/2023,Burnley,Crystal Palace,0,2,A,0,1,A,17,4,5,3,12,1,9,12,0,5,0,0,2023-2024
04/11/2023,Everton,Brighton,1,1,D,1,0,H,10,7,4,2,3,3,15,5,4,2,0,0,2023-2024
04/11/2023,Man City,Bournemouth,6,1,H,3,0,H,21,5,8,1,12,1,8,9,0,1,0,0,2023-2024
04/11/2023,Sheffield United,Wolves,2,1,H,0,0,D,11,10,2,3,4,4,13,10,2,3,0,0,2023-2024
04/11/2023,Newcastle,Arsenal,1,0,H,0,0,D,9,14,2,1,0,11,14,9,5,1,0,0,2023-2024
05/11/2023,Nott'm Forest,Aston Villa,2,0,H,1,0,H,5,13,3,3,0,10,6,9,1,1,0,0,2023-2024
05/11/2023,Luton,Liverpool,1,1,D,0,0,D,8,24,5,6,4,7,7,13,1,1,0,0,2023-2024
06/11/2023,Tottenham,Chelsea,1,4,A,1,1,D,8,17,5,8,1,6,12,21,1,5,2,0,2023-2024
11/11/2023,Wolves,Tottenham,2,1,H,0,1,A,17,6,4,2,11,3,19,15,4,3,0,0,2023-2024
11/11/2023,Arsenal,Burnley,3,1,H,1,0,H,16,8,6,5,3,3,8,9,0,1,1,0,2023-2024
11/11/2023,Crystal Palace,Everton,2,3,A,1,1,D,13,8,4,4,9,2,9,18,1,4,0,0,2023-2024
11/11/2023,Man United,Luton,1,0,H,0,0,D,15,10,4,4,11,3,9,11,0,2,0,0,2023-2024
11/11/2023,Bournemouth,Newcastle,2,0,H,0,0,D,19,8,10,5,6,5,10,4,2,1,0,0,2023-2024
12/11/2023,Aston Villa,Fulham,3,1,H,2,0,H,12,9,6,5,2,2,4,17,2,5,0,0,2023-2024
12/11/2023,Brighton,Sheffield United,1,1,D,1,0,H,11,9,6,1,6,3,13,16,3,2,1,0,2023-2024
12/11/2023,Liverpool,Brentford,3,0,H,1,0,H,17,16,10,3,6,8,16,12,1,2,0,0,2023-2024
12/11/2023,West Ham,Nott'm Forest,3,2,H,1,1,D,16,10,6,5,9,4,9,12,2,2,0,0,2023-2024
12/11/2023,Chelsea,Man City,4,4,D,2,2,D,17,15,9,10,3,3,12,15,5,3,0,0,2023-2024
25/11/2023,Man City,Liverpool,1,1,D,1,0,H,16,8,5,3,9,6,9,11,1,3,0,0,2023-2024
25/11/2023,Burnley,West Ham,1,2,A,0,0,D,11,11,5,3,4,5,11,7,1,3,0,0,2023-2024
25/11/2023,Luton,Crystal Palace,2,1,H,0,0,D,8,16,3,8,4,5,15,12,6,1,0,0,2023-2024
25/11/2023,Newcastle,Chelsea,4,1,H,1,1,D,14,7,5,4,4,2,13,19,4,4,0,1,2023-2024
25/11/2023,Nott'm Forest,Brighton,2,3,A,1,2,A,18,11,5,5,6,4,12,7,2,4,0,1,2023-2024
25/11/2023,Sheffield United,Bournemouth,1,3,A,0,2,A,10,23,2,11,4,7,6,8,4,1,0,0,2023-2024
25/11/2023,Brentford,Arsenal,0,1,A,0,0,D,9,15,3,4,1,8,9,7,1,1,0,0,2023-2024
26/11/2023,Tottenham,Aston Villa,1,2,A,1,1,D,18,15,8,5,9,3,11,13,0,4,0,0,2023-2024
26/11/2023,Everton,Man United,0,3,A,0,1,A,24,9,6,4,6,5,10,8,3,0,0,0,2023-2024
27/11/2023,Fulham,Wolves,3,2,H,1,1,D,12,10,6,6,6,2,13,13,2,2,0,0,2023-2024
02/12/2023,Arsenal,Wolves,2,1,H,2,0,H,19,6,6,3,4,0,10,10,1,2,0,0,2023-2024
02/12/2023,Brentford,Luton,3,1,H,0,0,D,27,7,6,1,7,5,10,8,1,2,0,0,2023-2024
02/12/2023,Burnley,Sheffield United,5,0,H,2,0,H,19,6,7,3,6,1,9,12,2,5,0,1,2023-2024
02/12/2023,Nott'm Forest,Everton,0,1,A,0,0,D,13,12,2,3,4,3,15,14,1,0,0,0,2023-2024
02/12/2023,Newcastle,Man United,1,0,H,0,0,D,22,8,4,1,7,3,6,13,1,2,0,0,2023-2024
03/12/2023,Bournemouth,Aston Villa,2,2,D,1,1,D,15,11,7,3,7,7,16,12,5,3,0,0,2023-2024
03/12/2023,Chelsea,Brighton,3,2,H,2,1,H,8,18,5,9,5,8,16,12,3,5,1,0,2023-2024
03/12/2023,Liverpool,Fulham,4,3,H,2,2,D,26,9,12,5,3,4,6,7,0,0,0,0,2023-2024
03/12/2023,West Ham,Crystal Palace,1,1,D,1,0,H,9,9,3,2,2,3,17,7,2,0,0,0,2023-2024
03/12/2023,Man City,Tottenham,3,3,D,2,1,H,18,8,4,4,10,8,14,14,4,4,0,0,2023-2024
05/12/2023,Wolves,Burnley,1,0,H,1,0,H,7,12,4,3,6,8,11,15,2,4,0,0,2023-2024
05/12/2023,Luton,Arsenal,3,4,A,1,2,A,6,23,4,9,3,8,14,7,2,1,0,0,2023-2024
06/12/2023,Brighton,Brentford,2,1,H,1,1,D,18,8,7,2,7,3,10,8,3,1,0,0,2023-2024
06/12/2023,Crystal Palace,Bournemouth,0,2,A,0,1,A,16,11,3,4,3,9,10,17,1,3,0,0,2023-2024
06/12/2023,Fulham,Nott'm Forest,5,0,H,2,0,H,14,4,6,1,6,1,7,10,0,1,0,0,2023-2024
06/12/2023,Sheffield United,Liverpool,0,2,A,0,1,A,6,15,1,8,2,12,12,8,2,3,0,0,2023-2024
06/12/2023,Aston Villa,Man City,1,0,H,0,0,D,22,2,7,2,6,0,13,13,2,2,0,0,2023-2024
06/12/2023,Man United,Chelsea,2,1,H,1,1,D,28,13,9,3,12,4,12,12,4,0,0,0,2023-2024
07/12/2023,Everton,Newcastle,3,0,H,0,0,D,21,13,6,3,5,2,18,8,3,0,0,0,2023-2024
07/12/2023,Tottenham,West Ham,1,2,A,1,0,H,23,11,7,5,8,4,11,12,3,3,0,0,2023-2024
09/12/2023,Crystal Palace,Liverpool,1,2,A,0,0,D,8,14,4,2,6,5,17,17,5,2,1,0,2023-2024
09/12/2023,Brighton,Burnley,1,1,D,0,1,A,29,6,11,3,9,1,5,8,0,4,0,0,2023-2024
09/12/2023,Man United,Bournemouth,0,3,A,0,1,A,20,10,3,4,10,4,7,10,3,1,0,0,2023-2024
09/12/2023,Sheffield United,Brentford,1,0,H,1,0,H,9,10,4,4,3,4,14,13,5,1,0,0,2023-2024
09/12/2023,Wolves,Nott'm Forest,1,1,D,1,1,D,10,8,4,2,4,3,9,11,0,1,0,0,2023-2024
09/12/2023,Aston Villa,Arsenal,1,0,H,1,0,H,10,12,3,5,3,3,16,11,4,2,0,0,2023-2024
10/12/2023,Everton,Chelsea,2,0,H,0,0,D,9,16,5,4,4,8,12,12,2,2,0,0,2023-2024
10/12/2023,Fulham,West Ham,5,0,H,3,0,H,14,9,8,5,3,6,5,10,2,1,0,0,2023-2024
10/12/2023,Luton,Man City,1,2,A,1,0,H,4,18,2,6,6,3,16,6,2,1,0,0,2023-2024
10/12/2023,Tottenham,Newcastle,4,1,H,2,0,H,23,9,12,3,3,6,10,12,1,3,0,0,2023-2024
15/12/2023,Nott'm Forest,Tottenham,0,2,A,0,1,A,15,12,1,6,6,4,16,11,2,4,0,1,2023-2024
16/12/2023,Chelsea,Sheffield United,2,0,H,0,0,D,15,6,6,1,7,6,9,14,1,3,0,0,2023-2024
16/12/2023,Man City,Crystal Palace,2,2,D,1,0,H,19,5,9,2,6,1,12,9,1,1,0,0,2023-2024
16/12/2023,Newcastle,Fulham,3,0,H,0,0,D,27,6,10,4,5,1,7,12,0,2,0,1,2023-2024
16/12/2023,Burnley,Everton,0,2,A,0,2,A,14,9,2,6,8,6,9,8,0,1,0,0,2023-2024
17/12/2023,Arsenal,Brighton,2,0,H,0,0,D,26,6,9,1,10,1,11,9,1,3,0,0,2023-2024
17/12/2023,Brentford,Aston Villa,1,2,A,1,0,H,4,15,3,5,7,12,19,6,6,4,1,1,2023-2024
17/12/2023,West Ham,Wolves,3,0,H,2,0,H,13,14,4,3,6,6,12,15,3,1,0,0,2023-2024
17/12/2023,Liverpool,Man United,0,0,D,0,0,D,34,6,8,1,12,0,13,8,2,4,0,1,2023-2024
21/12/2023,Crystal Palace,Brighton,1,1,D,1,0,H,11,18,3,6,3,1,12,11,5,2,0,0,2023-2024
22/12/2023,Aston Villa,Sheffield United,1,1,D,0,0,D,12,5,4,2,9,1,11,16,3,3,0,0,2023-2024
23/12/2023,West Ham,Man United,2,0,H,0,0,D,12,11,5,3,4,4,13,15,2,3,0,0,2023-2024
23/12/2023,Fulham,Burnley,0,2,A,0,0,D,19,7,5,2,8,6,5,17,2,1,0,0,2023-2024
23/12/2023,Luton,Newcastle,1,0,H,1,0,H,16,15,5,2,6,7,11,5,2,1,0,0,2023-2024
23/12/2023,Nott'm Forest,Bournemouth,2,3,A,0,0,D,11,18,5,7,6,6,10,10,0,3,1,0,2023-2024
23/12/2023,Tottenham,Everton,2,1,H,2,0,H,13,18,6,8,3,8,6,18,1,4,0,0,2023-2024
23/12/2023,Liverpool,Arsenal,1,1,D,1,1,D,13,13,3,2,4,5,13,14,2,5,0,0,2023-2024
24/12/2023,Wolves,Chelsea,2,1,H,0,0,D,14,16,6,5,10,6,11,9,3,5,0,0,2023-2024
26/12/2023,Newcastle,Nott'm Forest,1,3,A,1,1,D,19,15,7,6,10,2,10,11,3,3,0,0,2023-2024
26/12/2023,Bournemouth,Fulham,3,0,H,1,0,H,16,8,4,3,6,5,10,10,0,2,0,0,2023-2024
26/12/2023,Sheffield United,Luton,2,3,A,0,1,A,21,12,6,4,9,4,13,13,5,0,0,0,2023-2024
26/12/2023,Burnley,Liverpool,0,2,A,0,1,A,9,19,0,10,4,4,7,10,2,1,0,0,2023-2024
26/12/2023,Man United,Aston Villa,3,2,H,0,2,A,13,10,7,4,3,6,10,10,1,3,0,0,2023-2024
27/12/2023,Brentford,Wolves,1,4,A,1,3,A,14,11,4,5,8,2,5,14,1,1,0,0,2023-2024
27/12/2023,Chelsea,Crystal Palace,2,1,H,1,1,D,9,13,4,5,4,3,13,16,3,2,0,0,2023-2024
27/12/2023,Everton,Man City,1,3,A,1,0,H,7,23,2,9,8,4,13,5,4,2,0,0,2023-2024
28/12/2023,Brighton,Tottenham,4,2,H,2,0,H,15,19,9,3,7,6,18,6,3,2,0,0,2023-2024
28/12/2023,Arsenal,West Ham,0,2,A,0,1,A,30,6,8,3,10,3,8,8,2,0,0,0,2023-2024
30/12/2023,Luton,Chelsea,2,3,A,0,2,A,15,12,6,8,7,2,14,21,2,2,0,0,2023-2024
30/12/2023,Aston Villa,Burnley,3,2,H,2,1,H,19,9,7,5,6,2,9,14,4,1,0,1,2023-2024
30/12/2023,Crystal Palace,Brentford,3,1,H,2,1,H,13,9,6,4,7,4,14,10,0,1,0,0,2023-2024
30/12/2023,Man City,Sheffield United,2,0,H,1,0,H,18,4,4,2,12,2,5,6,1,1,0,0,2023-2024
30/12/2023,Wolves,Everton,3,0,H,1,0,H,12,10,6,0,5,2,9,14,2,3,0,0,2023-2024
30/12/2023,Nott'm Forest,Man United,2,1,H,0,0,D,8,10,2,5,4,5,9,11,2,4,0,0,2023-2024
31/12/2023,Fulham,Arsenal,2,1,H,1,1,D,15,13,4,3,5,4,11,10,4,1,0,0,2023-2024
31/12/2023,Tottenham,Bournemouth,3,1,H,1,0,H,12,24,6,4,4,13,9,18,3,3,0,0,2023-2024
01/01/2024,Liverpool,Newcastle,4,2,H,0,0,D,34,5,15,3,7,3,16,15,3,5,0,0,2023-2024
02/01/2024,West Ham,Brighton,0,0,D,0,0,D,6,22,2,8,2,0,4,6,1,0,0,0,2023-2024
12/01/2024,Burnley,Luton,1,1,D,1,0,H,13,14,7,5,2,8,7,12,1,0,0,0,2023-2024
13/01/2024,Chelsea,Fulham,1,0,H,1,0,H,17,14,3,4,6,4,13,9,5,1,0,0,2023-2024
13/01/2024,Newcastle,Man City,2,3,A,2,1,H,12,27,5,11,3,13,7,7,1,2,0,0,2023-2024
14/01/2024,Everton,Aston Villa,0,0,D,0,0,D,10,16,2,5,4,5,13,14,1,4,0,0,2023-2024
14/01/2024,Man United,Tottenham,2,2,D,2,1,H,9,16,2,6,8,13,8,5,2,1,0,0,2023-2024
20/01/2024,Arsenal,Crystal Palace,5,0,H,2,0,H,21,12,6,5,6,7,8,12,0,0,0,0,2023-2024
20/01/2024,Brentford,Nott'm Forest,3,2,H,1,1,D,11,12,5,3,6,4,10,14,1,3,0,0,2023-2024
21/01/2024,Sheffield United,West Ham,2,2,D,1,1,D,21,16,6,5,4,1,11,10,3,1,1,1,2023-2024
21/01/2024,Bournemouth,Liverpool,0,4,A,0,0,D,11,14,1,7,8,5,9,12,1,2,0,0,2023-2024
22/01/2024,Brighton,Wolves,0,0,D,0,0,D,11,8,4,3,8,2,10,13,1,4,0,0,2023-2024
30/01/2024,Nott'm Forest,Arsenal,1,2,A,0,0,D,9,19,3,3,2,11,6,7,0,1,0,0,2023-2024
30/01/2024,Fulham,Everton,0,0,D,0,0,D,25,21,6,4,15,6,6,13,1,2,0,0,2023-2024
30/01/2024,Luton,Brighton,4,0,H,3,0,H,18,9,8,2,7,4,13,14,2,2,0,0,2023-2024
30/01/2024,Crystal Palace,Sheffield United,3,2,H,2,2,D,12,9,4,5,11,1,8,18,1,4,0,0,2023-2024
30/01/2024,Aston Villa,Newcastle,1,3,A,0,2,A,12,14,6,5,8,7,14,12,4,1,0,0,2023-2024
31/01/2024,Man City,Burnley,3,1,H,2,0,H,14,8,4,3,7,3,3,13,2,2,0,0,2023-2024
31/01/2024,Tottenham,Brentford,3,2,H,0,1,A,19,9,5,5,5,3,13,15,2,3,0,0,2023-2024
31/01/2024,Liverpool,Chelsea,4,1,H,2,0,H,28,4,13,3,8,1,15,16,2,4,0,0,2023-2024
01/02/2024,West Ham,Bournemouth,1,1,D,0,1,A,9,9,3,4,1,5,13,11,1,3,0,0,2023-2024
01/02/2024,Wolves,Man United,3,4,A,0,2,A,16,21,7,8,4,5,10,10,2,5,0,0,2023-2024
03/02/2024,Everton,Tottenham,2,2,D,1,2,A,14,9,5,6,9,5,8,14,3,0,0,0,2023-2024
03/02/2024,Brighton,Crystal Palace,4,1,H,3,0,H,13,7,6,5,3,2,8,14,1,3,0,0,2023-2024
03/02/2024,Burnley,Fulham,2,2,D,0,2,A,12,15,4,7,2,13,11,7,2,2,0,0,2023-2024
03/02/2024,Newcastle,Luton,4,4,D,2,2,D,19,11,6,8,8,2,13,16,2,2,0,0,2023-2024
03/02/2024,Sheffield United,Aston Villa,0,5,A,0,4,A,10,14,5,10,3,4,10,7,1,0,0,0,2023-2024
04/02/2024,Bournemouth,Nott'm Forest,1,1,D,1,1,D,9,8,2,6,11,6,19,12,3,2,1,0,2023-2024
04/02/2024,Chelsea,Wolves,2,4,A,1,2,A,15,14,6,7,10,1,15,11,3,2,0,0,2023-2024
04/02/2024,Man United,West Ham,3,0,H,1,0,H,12,22,5,3,5,8,10,5,0,1,0,0,2023-2024
04/02/2024,Arsenal,Liverpool,3,1,H,1,1,D,15,10,7,1,2,4,11,11,6,2,0,1,2023-2024
05/02/2024,Brentford,Man City,1,3,A,1,1,D,9,25,3,15,8,13,2,4,1,0,0,0,2023-2024
10/02/2024,Man City,Everton,2,0,H,0,0,D,19,5,3,1,9,0,6,11,0,2,0,0,2023-2024
10/02/2024,Fulham,Bournemouth,3,1,H,2,0,H,7,25,6,4,1,14,11,11,1,2,0,0,2023-2024
10/02/2024,Liverpool,Burnley,3,1,H,1,1,D,25,9,10,4,9,3,11,13,3,2,0,0,2023-2024
10/02/2024,Luton,Sheffield United,1,3,A,0,2,A,20,7,5,3,13,1,7,12,1,2,0,0,2023-2024
10/02/2024,Tottenham,Brighton,2,1,H,0,1,A,16,6,6,3,9,6,14,13,2,3,0,0,2023-2024
10/02/2024,Wolves,Brentford,0,2,A,0,1,A,17,9,5,6,7,4,11,9,2,3,0,0,2023-2024
10/02/2024,Nott'm Forest,Newcastle,2,3,A,2,2,D,13,7,3,5,4,4,9,6,1,2,0,0,2023-2024
11/02/2024,West Ham,Arsenal,0,6,A,0,4,A,5,25,1,12,2,6,17,11,4,0,0,0,2023-2024
11/02/2024,Aston Villa,Man United,1,2,A,0,1,A,23,17,10,5,10,8,9,7,3,2,0,0,2023-2024
12/02/2024,Crystal Palace,Chelsea,1,3,A,1,0,H,13,14,4,5,1,7,14,7,2,2,0,0,2023-2024
17/02/2024,Brentford,Liverpool,1,4,A,0,1,A,15,15,6,8,1,6,4,18,2,1,0,0,2023-2024
17/02/2024,Burnley,Arsenal,0,5,A,0,2,A,8,16,0,7,4,6,11,8,2,1,0,0,2023-2024
17/02/2024,Fulham,Aston Villa,1,2,A,0,1,A,15,12,4,3,4,4,11,6,5,2,0,0,2023-2024
17/02/2024,Newcastle,Bournemouth,2,2,D,0,0,D,17,12,5,7,4,2,9,22,1,3,0,0,2023-2024
17/02/2024,Nott'm Forest,West Ham,2,0,H,1,0,H,19,10,8,3,5,3,13,15,4,4,0,1,2023-2024
17/02/2024,Tottenham,Wolves,1,2,A,0,1,A,15,12,4,7,10,4,8,13,0,1,0,0,2023-2024
17/02/2024,Man City,Chelsea,1,1,D,0,1,A,31,9,5,6,12,1,7,12,1,3,0,0,2023-2024
18/02/2024,Sheffield United,Brighton,0,5,A,0,2,A,6,24,1,10,5,10,3,5,1,4,1,0,2023-2024
18/02/2024,Luton,Man United,1,2,A,1,2,A,22,21,4,9,8,6,7,21,3,5,0,0,2023-2024
19/02/2024,Everton,Crystal Palace,1,1,D,0,0,D,19,10,4,4,3,6,8,12,0,2,0,0,2023-2024
20/02/2024,Man City,Brentford,1,0,H,0,0,D,25,6,11,2,10,1,12,6,2,4,0,0,2023-2024
21/02/2024,Liverpool,Luton,4,1,H,0,1,A,29,12,13,3,13,4,15,14,1,4,0,0,2023-2024
24/02/2024,Aston Villa,Nott'm Forest,4,2,H,3,1,H,16,10,6,3,7,2,7,16,1,2,0,0,2023-2024
24/02/2024,Brighton,Everton,1,1,D,0,0,D,23,6,7,3,11,3,9,14,2,3,1,0,2023-2024
24/02/2024,Crystal Palace,Burnley,3,0,H,0,0,D,15,2,6,0,12,3,8,13,3,1,0,1,2023-2024
24/02/2024,Man United,Fulham,1,2,A,0,0,D,21,17,9,5,10,9,6,11,2,5,0,0,2023-2024
24/02/2024,Bournemouth,Man City,0,1,A,0,1,A,13,15,4,6,3,8,14,6,2,2,0,0,2023-2024
24/02/2024,Arsenal,Newcastle,4,1,H,2,0,H,18,3,8,2,9,0,15,6,1,0,0,0,2023-2024
25/02/2024,Wolves,Sheffield United,1,0,H,1,0,H,13,12,2,4,5,6,8,4,2,1,0,0,2023-2024
26/02/2024,West Ham,Brentford,4,2,H,2,1,H,17,14,6,8,1,7,5,9,1,2,0,0,2023-2024
02/03/2024,Brentford,Chelsea,2,2,D,0,1,A,14,17,5,6,0,6,10,9,3,1,0,0,2023-2024
02/03/2024,Everton,West Ham,1,3,A,0,0,D,22,12,11,5,4,5,9,6,1,2,0,0,2023-2024
02/03/2024,Fulham,Brighton,3,0,H,2,0,H,12,15,5,5,2,6,16,10,1,2,0,0,2023-2024
02/03/2024,Newcastle,Wolves,3,0,H,2,0,H,14,12,7,3,3,5,8,11,0,1,0,0,2023-2024
02/03/2024,Nott'm Forest,Liverpool,0,1,A,0,0,D,8,22,2,2,3,12,11,12,2,2,0,0,2023-2024
02/03/2024,Tottenham,Crystal Palace,3,1,H,0,0,D,14,4,6,1,11,1,7,16,1,2,0,0,2023-2024
02/03/2024,Luton,Aston Villa,2,3,A,0,2,A,13,12,5,8,8,6,8,19,1,4,0,0,2023-2024
03/03/2024,Burnley,Bournemouth,0,2,A,0,1,A,20,10,6,3,7,2,8,13,2,4,0,0,2023-2024
03/03/2024,Man City,Man United,3,1,H,0,1,A,27,3,8,1,15,2,5,10,0,1,0,0,2023-2024
04/03/2024,Sheffield United,Arsenal,0,6,A,0,5,A,4,22,0,10,0,7,11,4,1,0,0,0,2023-2024
09/03/2024,Man United,Everton,2,0,H,2,0,H,15,23,8,6,5,8,13,11,1,2,0,0,2023-2024
09/03/2024,Bournemouth,Sheffield United,2,2,D,0,1,A,32,13,12,9,10,3,12,11,3,5,0,0,2023-2024
09/03/2024,Crystal Palace,Luton,1,1,D,1,0,H,21,8,4,2,8,6,20,11,2,3,0,0,2023-2024
09/03/2024,Wolves,Fulham,2,1,H,0,0,D,8,23,3,6,3,4,7,11,2,2,0,0,2023-2024
09/03/2024,Arsenal,Brentford,2,1,H,1,1,D,17,9,6,4,10,4,9,10,2,4,0,0,2023-2024
10/03/2024,Aston Villa,Tottenham,0,4,A,0,0,D,10,9,1,5,6,4,11,15,0,2,1,0,2023-2024
10/03/2024,Brighton,Nott'm Forest,1,0,H,1,0,H,10,9,3,4,6,3,14,14,4,4,0,0,2023-2024
10/03/2024,West Ham,Burnley,2,2,D,0,2,A,22,11,4,4,4,4,11,18,2,4,0,0,2023-2024
10/03/2024,Liverpool,Man City,1,1,D,0,1,A,19,10,6,6,7,4,6,10,0,3,0,0,2023-2024
11/03/2024,Chelsea,Newcastle,3,2,H,1,1,D,12,11,8,3,0,4,12,7,3,1,0,0,2023-2024
13/03/2024,Bournemouth,Luton,4,3,H,0,3,A,24,8,10,4,11,3,16,11,1,2,0,0,2023-2024
16/03/2024,Burnley,Brentford,2,1,H,1,0,H,17,9,6,5,5,4,14,17,2,4,0,1,2023-2024
16/03/2024,Luton,Nott'm Forest,1,1,D,0,1,A,10,16,4,6,6,7,10,17,1,2,0,0,2023-2024
16/03/2024,Fulham,Tottenham,3,0,H,1,0,H,16,14,7,5,4,5,9,10,2,3,0,0,2023-2024
17/03/2024,West Ham,Aston Villa,1,1,D,1,0,H,13,13,5,5,7,11,13,12,3,3,0,0,2023-2024
30/03/2024,Newcastle,West Ham,4,3,H,1,2,A,24,10,9,4,3,4,9,8,1,1,1,0,2023-2024
30/03/2024,Bournemouth,Everton,2,1,H,0,0,D,11,7,4,3,9,8,14,11,1,2,0,0,2023-2024
30/03/2024,Chelsea,Burnley,2,2,D,1,0,H,33,18,13,7,12,4,12,7,2,2,0,1,2023-2024
30/03/2024,Nott'm Forest,Crystal Palace,1,1,D,0,1,A,12,10,5,3,4,6,14,12,1,1,0,0,2023-2024
30/03/2024,Sheffield United,Fulham,3,3,D,0,0,D,8,24,4,9,2,15,10,13,4,1,0,0,2023-2024
30/03/2024,Tottenham,Luton,2,1,H,0,1,A,17,7,4,3,3,6,16,14,2,4,0,0,2023-2024
30/03/2024,Aston Villa,Wolves,2,0,H,1,0,H,11,13,5,3,5,4,11,19,3,4,0,0,2023-2024
30/03/2024,Brentford,Man United,1,1,D,0,0,D,31,11,5,5,14,4,7,14,2,2,0,0,2023-2024
31/03/2024,Liverpool,Brighton,2,1,H,1,1,D,30,9,8,3,8,4,20,6,5,3,0,0,2023-2024
31/03/2024,Man City,Arsenal,0,0,D,0,0,D,12,6,1,2,7,4,9,20,0,2,0,0,2023-2024
02/04/2024,Newcastle,Everton,1,1,D,1,0,H,18,10,6,3,7,3,9,14,0,3,0,0,2023-2024
02/04/2024,Nott'm Forest,Fulham,3,1,H,3,0,H,16,18,4,3,3,8,7,8,0,0,0,0,2023-2024
02/04/2024,Bournemouth,Crystal Palace,1,0,H,0,0,D,11,3,6,2,9,2,13,14,3,2,0,0,2023-2024
02/04/2024,Burnley,Wolves,1,1,D,1,1,D,13,8,6,2,7,4,10,12,0,2,0,0,2023-2024
02/04/2024,West Ham,Tottenham,1,1,D,1,1,D,11,13,4,4,9,5,13,9,1,4,0,0,2023-2024
03/04/2024,Arsenal,Luton,2,0,H,2,0,H,13,5,4,1,3,1,12,8,1,1,0,0,2023-2024
03/04/2024,Brentford,Brighton,0,0,D,0,0,D,5,24,2,6,1,5,9,12,1,1,0,0,2023-2024
03/04/2024,Man City,Aston Villa,4,1,H,2,1,H,25,8,11,3,2,3,6,13,1,2,0,0,2023-2024
04/04/2024,Liverpool,Sheffield United,3,1,H,1,0,H,29,8,9,3,13,1,6,9,0,1,0,0,2023-2024
04/04/2024,Chelsea,Man United,4,3,H,2,2,D,28,19,10,5,12,3,7,15,3,0,0,0,2023-2024
06/04/2024,Crystal Palace,Man City,2,4,A,1,1,D,7,18,4,8,2,9,13,3,1,1,0,0,2023-2024
06/04/2024,Aston Villa,Brentford,3,3,D,1,0,H,11,8,3,3,11,3,15,11,2,2,0,0,2023-2024
06/04/2024,Everton,Burnley,1,0,H,1,0,H,12,6,3,1,3,5,11,13,2,1,0,1,2023-2024
06/04/2024,Fulham,Newcastle,0,1,A,0,0,D,14,12,4,5,14,3,10,13,1,2,0,0,2023-2024
06/04/2024,Luton,Bournemouth,2,1,H,0,0,D,19,8,9,1,7,2,7,14,0,0,0,0,2023-2024
06/04/2024,Wolves,West Ham,1,2,A,1,0,H,14,11,7,4,4,4,15,7,5,2,0,0,2023-2024
06/04/2024,Brighton,Arsenal,0,3,A,0,1,A,10,20,2,7,8,7,14,13,1,2,0,0,2023-2024
07/04/2024,Man United,Liverpool,2,2,D,0,1,A,9,28,5,7,6,11,9,10,5,2,0,0,2023-2024
07/04/2024,Sheffield United,Chelsea,2,2,D,1,1,D,11,6,6,3,7,6,12,10,4,2,0,0,2023-2024
07/04/2024,Tottenham,Nott'm Forest,3,1,H,1,1,D,17,13,7,6,12,2,11,12,2,3,0,0,2023-2024
13/04/2024,Newcastle,Tottenham,4,0,H,2,0,H,18,11,5,2,16,3,14,12,0,4,0,0,2023-2024
13/04/2024,Brentford,Sheffield United,2,0,H,0,0,D,9,8,5,2,3,6,8,11,3,1,0,0,2023-2024
13/04/2024,Burnley,Brighton,1,1,D,0,0,D,11,20,3,8,4,5,18,8,1,2,0,0,2023-2024
13/04/2024,Man City,Luton,5,1,H,1,0,H,33,4,13,2,12,1,7,6,1,0,0,0,2023-2024
13/04/2024,Nott'm Forest,Wolves,2,2,D,1,1,D,18,11,9,4,10,1,15,10,2,3,0,0,2023-2024
13/04/2024,Bournemouth,Man United,2,2,D,2,1,H,20,8,5,2,7,2,13,14,4,0,0,0,2023-2024
14/04/2024,Liverpool,Crystal Palace,0,1,A,0,1,A,21,8,6,5,11,1,10,10,1,1,0,0,2023-2024
14/04/2024,West Ham,Fulham,0,2,A,0,1,A,15,18,4,10,8,3,6,13,1,2,0,0,2023-2024
14/04/2024,Arsenal,Aston Villa,0,2,A,0,0,D,18,11,4,2,4,6,12,7,3,1,0,0,2023-2024
15/04/2024,Chelsea,Everton,6,0,H,4,0,H,14,10,10,2,4,8,5,21,1,4,0,0,2023-2024
20/04/2024,Luton,Brentford,1,5,A,0,2,A,6,21,3,9,4,9,13,9,1,2,0,0,2023-2024
20/04/2024,Sheffield United,Burnley,1,4,A,0,2,A,18,16,11,9,11,2,10,9,1,0,0,0,2023-2024
20/04/2024,Wolves,Arsenal,0,2,A,0,1,A,5,24,3,9,1,2,14,9,3,2,0,0,2023-2024
21/04/2024,Everton,Nott'm Forest,2,0,H,1,0,H,7,8,4,3,6,4,15,9,3,2,0,0,2023-2024
21/04/2024,Aston Villa,Bournemouth,3,1,H,1,1,D,14,14,4,6,8,4,8,14,1,3,0,0,2023-2024
21/04/2024,Crystal Palace,West Ham,5,2,H,4,1,H,18,4,7,1,4,0,9,9,3,2,0,0,2023-2024
21/04/2024,Fulham,Liverpool,1,3,A,1,1,D,12,14,5,7,1,4,5,11,3,0,0,0,2023-2024
23/04/2024,Arsenal,Chelsea,5,0,H,1,0,H,27,7,10,1,4,2,12,11,2,2,0,0,2023-2024
24/04/2024,Wolves,Bournemouth,0,1,A,0,1,A,15,21,4,6,8,12,10,17,4,1,0,1,2023-2024
24/04/2024,Crystal Palace,Newcastle,2,0,H,0,0,D,20,7,7,2,7,2,10,15,3,3,0,0,2023-2024
24/04/2024,Everton,Liverpool,2,0,H,1,0,H,16,23,6,7,4,13,6,13,0,3,0,0,2023-2024
24/04/2024,Man United,Sheffield United,4,2,H,1,1,D,25,10,13,4,9,4,7,9,0,1,0,0,2023-2024
25/04/2024,Brighton,Man City,0,4,A,0,3,A,7,14,3,6,4,4,10,3,2,0,0,0,2023-2024
27/04/2024,West Ham,Liverpool,2,2,D,1,0,H,11,28,8,8,5,8,8,10,0,2,0,0,2023-2024
27/04/2024,Fulham,Crystal Palace,1,1,D,0,0,D,9,14,2,4,5,9,11,15,0,2,0,0,2023-2024
27/04/2024,Man United,Burnley,1,1,D,0,0,D,27,16,10,7,6,5,7,11,1,3,0,0,2023-2024
27/04/2024,Newcastle,Sheffield United,5,1,H,1,1,D,20,15,7,5,4,5,9,10,0,0,0,0,2023-2024
27/04/2024,Wolves,Luton,2,1,H,1,0,H,13,9,5,6,4,4,14,14,3,1,0,0,2023-2024
27/04/2024,Everton,Brentford,1,0,H,0,0,D,18,10,1,4,6,6,10,12,1,2,0,0,2023-2024
27/04/2024,Aston Villa,Chelsea,2,2,D,2,0,H,9,21,4,5,2,4,13,14,3,5,0,0,2023-2024
28/04/2024,Bournemouth,Brighton,3,0,H,1,0,H,15,13,6,1,8,2,14,10,2,2,0,0,2023-2024
28/04/2024,Tottenham,Arsenal,2,3,A,0,3,A,14,9,2,3,8,6,12,16,2,1,0,0,2023-2024
28/04/2024,Nott'm Forest,Man City,0,2,A,0,1,A,14,11,2,5,4,5,8,6,0,0,0,0,2023-2024
02/05/2024,Chelsea,Tottenham,2,0,H,1,0,H,16,19,5,3,4,9,12,16,0,1,0,0,2023-2024
03/05/2024,Luton,Everton,1,1,D,1,1,D,18,10,5,3,8,7,14,12,1,3,0,0,2023-2024
04/05/2024,Arsenal,Bournemouth,3,0,H,1,0,H,25,7,9,2,6,1,16,12,2,3,0,0,2023-2024
04/05/2024,Brentford,Fulham,0,0,D,0,0,D,7,15,3,3,7,6,3,6,1,1,0,0,2023-2024
04/05/2024,Burnley,Newcastle,1,4,A,0,3,A,17,23,5,11,4,11,8,8,2,2,0,0,2023-2024
04/05/2024,Sheffield United,Nott'm Forest,1,3,A,1,1,D,17,15,5,4,5,3,9,7,0,1,1,0,2023-2024
04/05/2024,Man City,Wolves,5,1,H,3,0,H,20,2,12,1,6,0,4,17,0,4,0,0,2023-2024
05/05/2024,Brighton,Aston Villa,1,0,H,0,0,D,15,2,8,1,7,3,13,10,2,1,0,0,2023-2024
05/05/2024,Chelsea,West Ham,5,0,H,3,0,H,25,13,14,2,8,6,12,10,1,3,0,0,2023-2024
05/05/2024,Liverpool,Tottenham,4,2,H,2,0,H,25,11,13,6,8,3,14,12,1,4,0,0,2023-2024
06/05/2024,Crystal Palace,Man United,4,0,H,2,0,H,18,7,10,2,6,3,12,8,1,1,0,0,2023-2024
11/05/2024,Fulham,Man City,0,4,A,0,1,A,1,16,1,9,1,7,9,6,1,0,1,0,2023-2024
11/05/2024,Bournemouth,Brentford,1,2,A,0,0,D,13,11,4,5,3,8,16,12,2,2,0,0,2023-2024
11/05/2024,Everton,Sheffield United,1,0,H,1,0,H,15,13,6,1,3,6,6,11,1,2,0,0,2023-2024
11/05/2024,Newcastle,Brighton,1,1,D,1,1,D,18,15,7,4,8,4,9,16,3,4,0,0,2023-2024
11/05/2024,Tottenham,Burnley,2,1,H,1,1,D,21,7,9,3,9,3,10,14,3,5,0,0,2023-2024
11/05/2024,West Ham,Luton,3,1,H,0,1,A,24,4,8,1,7,6,9,15,1,3,0,0,2023-2024
11/05/2024,Wolves,Crystal Palace,1,3,A,0,2,A,13,13,7,3,8,3,13,12,3,2,0,1,2023-2024
11/05/2024,Nott'm Forest,Chelsea,2,3,A,1,1,D,20,12,4,5,5,6,14,8,2,3,0,0,2023-2024
12/05/2024,Man United,Arsenal,0,1,A,0,1,A,14,11,2,5,4,7,5,6,0,2,0,0,2023-2024
13/05/2024,Aston Villa,Liverpool,3,3,D,1,2,A,19,14,5,7,5,4,11,15,1,1,0,0,2023-2024
14/05/2024,Tottenham,Man City,0,2,A,0,0,D,10,8,5,5,7,4,14,11,3,3,0,0,2023-2024
15/05/2024,Brighton,Chelsea,1,2,A,0,1,A,12,13,2,6,4,6,13,14,2,2,0,1,2023-2024
15/05/2024,Man United,Newcastle,3,2,H,1,0,H,17,21,8,8,9,9,16,7,3,3,0,0,2023-2024
19/05/2024,Arsenal,Everton,2,1,H,1,1,D,26,5,5,2,8,1,8,11,4,3,0,0,2023-2024
19/05/2024,Brentford,Newcastle,2,4,A,0,3,A,10,12,5,7,3,0,15,11,4,4,0,0,2023-2024
19/05/2024,Brighton,Man United,0,2,A,0,0,D,17,11,3,4,7,5,10,9,1,3,0,0,2023-2024
19/05/2024,Burnley,Nott'm Forest,1,2,A,0,2,A,20,12,3,6,4,3,11,5,1,0,0,0,2023-2024
19/05/2024,Chelsea,Bournemouth,2,1,H,1,0,H,16,22,6,5,6,5,5,9,2,3,0,0,2023-2024
19/05/2024,Crystal Palace,Aston Villa,5,0,H,2,0,H,15,8,9,2,2,4,10,8,1,4,0,0,2023-2024
19/05/2024,Liverpool,Wolves,2,0,H,2,0,H,36,4,14,3,10,2,14,11,1,1,0,1,2023-2024
19/05/2024,Luton,Fulham,2,4,A,1,2,A,15,15,6,7,4,4,15,20,5,4,0,0,2023-2024
19/05/2024,Man City,West Ham,3,1,H,2,1,H,28,3,12,2,11,2,3,12,0,1,0,0,2023-2024
19/05/2024,Sheffield United,Tottenham,0,3,A,0,1,A,6,18,1,9,2,6,11,9,2,0,0,0,2023-2024
16/08/2024,Man United,Fulham,1,0,H,0,0,D,14,10,5,2,7,8,12,10,2,3,0,0,2024-2025
17/08/2024,Ipswich,Liverpool,0,2,A,0,0,D,7,18,2,5,2,10,9,18,3,1,0,0,2024-2025
17/08/2024,Arsenal,Wolves,2,0,H,1,0,H,18,9,6,3,8,2,17,14,2,2,0,0,2024-2025
17/08/2024,Everton,Brighton,0,3,A,0,1,A,9,10,1,5,1,5,8,8,1,1,1,0,2024-2025
17/08/2024,Newcastle,Southampton,1,0,H,1,0,H,3,19,1,4,3,12,15,16,2,4,1,0,2024-2025
17/08/2024,Nott'm Forest,Bournemouth,1,1,D,1,0,H,14,13,8,4,2,6,17,8,1,3,0,0,2024-2025
17/08/2024,West Ham,Aston Villa,1,2,A,1,1,D,14,15,3,3,5,3,18,11,1,2,0,0,2024-2025
18/08/2024,Brentford,Crystal Palace,2,1,H,1,0,H,9,14,5,6,4,7,6,15,1,5,0,0,2024-2025
18/08/2024,Chelsea,Man City,0,2,A,0,1,A,10,11,3,5,4,3,12,9,1,1,0,0,2024-2025
19/08/2024,Leicester,Tottenham,1,1,D,0,1,A,7,15,3,7,2,13,11,12,1,1,0,0,2024-2025
24/08/2024,Brighton,Man United,2,1,H,1,0,H,14,11,5,4,4,4,9,13,1,2,0,0,2024-2025
24/08/2024,Crystal Palace,West Ham,0,2,A,0,0,D,14,18,2,3,3,3,9,17,1,1,0,0,2024-2025
24/08/2024,Fulham,Leicester,2,1,H,1,1,D,18,10,6,4,7,5,14,13,2,2,0,0,2024-2025
24/08/2024,Man City,Ipswich,4,1,H,3,1,H,14,1,5,1,10,1,4,15,2,3,0,0,2024-2025
24/08/2024,Southampton,Nott'm Forest,0,1,A,0,0,D,5,23,1,8,4,10,14,14,3,3,0,0,2024-2025
24/08/2024,Tottenham,Everton,4,0,H,2,0,H,13,10,7,1,12,5,11,15,0,0,0,0,2024-2025
24/08/2024,Aston Villa,Arsenal,0,2,A,0,0,D,11,9,3,4,4,1,8,15,1,3,0,0,2024-2025
25/08/2024,Bournemouth,Newcastle,1,1,D,1,0,H,16,14,4,5,8,9,19,8,2,2,0,0,2024-2025
25/08/2024,Wolves,Chelsea,2,6,A,2,2,D,12,14,4,8,5,5,13,13,2,3,0,0,2024-2025
25/08/2024,Liverpool,Brentford,2,0,H,1,0,H,19,8,8,2,9,4,10,7,2,3,0,0,2024-2025
31/08/2024,Arsenal,Brighton,1,1,D,1,0,H,11,22,7,4,3,7,12,7,3,2,1,0,2024-2025
31/08/2024,Brentford,Southampton,3,1,H,1,0,H,20,18,7,6,2,8,10,7,2,1,0,0,2024-2025
31/08/2024,Everton,Bournemouth,2,3,A,0,0,D,18,17,8,7,8,4,6,1,2,1,0,0,2024-2025
31/08/2024,Ipswich,Fulham,1,1,D,1,1,D,11,9,4,4,8,6,15,15,2,3,0,0,2024-2025
31/08/2024,Leicester,Aston Villa,1,2,A,0,1,A,9,10,3,5,1,4,13,21,4,5,0,0,2024-2025
31/08/2024,Nott'm Forest,Wolves,1,1,D,1,1,D,16,11,5,3,7,3,15,18,3,4,0,0,2024-2025
31/08/2024,West Ham,Man City,1,3,A,1,2,A,10,23,2,8,3,11,10,3,3,2,0,0,2024-2025
01/09/2024,Chelsea,Crystal Palace,1,1,D,1,0,H,13,9,7,3,4,5,9,13,4,2,0,0,2024-2025
01/09/2024,Newcastle,Tottenham,2,1,H,1,0,H,9,20,3,6,7,12,16,13,4,4,0,0,2024-2025
01/09/2024,Man United,Liverpool,0,3,A,0,2,A,8,11,3,3,5,2,7,7,4,1,0,0,2024-2025
14/09/2024,Southampton,Man United,0,3,A,0,2,A,6,20,4,10,0,7,11,14,1,4,1,0,2024-2025
14/09/2024,Brighton,Ipswich,0,0,D,0,0,D,21,6,6,1,9,2,14,16,4,3,0,0,2024-2025
14/09/2024,Crystal Palace,Leicester,2,2,D,0,1,A,20,9,4,4,5,2,11,15,0,3,0,0,2024-2025
14/09/2024,Fulham,West Ham,1,1,D,1,0,H,21,11,5,3,3,2,15,18,2,3,0,0,2024-2025
14/09/2024,Liverpool,Nott'm Forest,0,1,A,0,0,D,14,5,5,3,7,2,15,6,4,4,0,0,2024-2025
14/09/2024,Man City,Brentford,2,1,H,2,1,H,18,8,7,5,12,3,9,3,3,1,0,0,2024-2025
14/09/2024,Aston Villa,Everton,3,2,H,1,2,A,17,6,8,2,6,2,10,12,1,4,0,0,2024-2025
14/09/2024,Bournemouth,Chelsea,0,1,A,0,0,D,19,10,7,3,6,3,16,9,6,8,0,0,2024-2025
15/09/2024,Tottenham,Arsenal,0,1,A,0,0,D,15,7,5,4,7,6,13,10,5,3,0,0,2024-2025
15/09/2024,Wolves,Newcastle,1,2,A,1,0,H,12,14,5,6,4,7,17,6,3,3,0,0,2024-2025
21/09/2024,West Ham,Chelsea,0,3,A,0,2,A,15,12,7,5,6,5,17,9,5,2,0,0,2024-2025
21/09/2024,Aston Villa,Wolves,3,1,H,0,1,A,9,10,4,4,6,5,11,16,3,6,0,0,2024-2025
21/09/2024,Fulham,Newcastle,3,1,H,2,0,H,22,15,11,4,6,0,16,8,6,0,0,0,2024-2025
21/09/2024,Leicester,Everton,1,1,D,0,1,A,12,16,2,5,6,1,11,12,1,2,0,0,2024-2025
21/09/2024,Liverpool,Bournemouth,3,0,H,3,0,H,19,19,13,6,3,9,10,12,1,4,0,0,2024-2025
21/09/2024,Southampton,Ipswich,1,1,D,1,0,H,11,13,3,6,2,10,16,16,4,4,0,0,2024-2025
21/09/2024,Tottenham,Brentford,3,1,H,2,1,H,23,6,10,6,9,4,11,9,3,1,0,0,2024-2025
21/09/2024,Crystal Palace,Man United,0,0,D,0,0,D,9,15,4,6,4,11,7,12,3,1,0,0,2024-2025
22/09/2024,Brighton,Nott'm Forest,2,2,D,2,1,H,14,4,3,3,9,1,12,11,3,4,0,1,2024-2025
22/09/2024,Man City,Arsenal,2,2,D,1,2,A,33,5,11,3,8,2,7,10,3,4,0,1,2024-2025
28/09/2024,Newcastle,Man City,1,1,D,0,1,A,11,16,4,6,5,6,14,10,4,4,0,0,2024-2025
28/09/2024,Arsenal,Leicester,4,2,H,2,0,H,36,5,16,3,17,0,11,6,2,4,0,0,2024-2025
28/09/2024,Brentford,West Ham,1,1,D,1,0,H,8,19,3,3,7,7,2,11,2,3,0,0,2024-2025
28/09/2024,Chelsea,Brighton,4,2,H,4,2,H,15,15,7,5,8,2,11,8,3,2,0,0,2024-2025
28/09/2024,Everton,Crystal Palace,2,1,H,0,1,A,8,17,2,5,5,8,13,11,2,1,0,0,2024-2025
28/09/2024,Nott'm Forest,Fulham,0,1,A,0,0,D,11,14,1,2,6,5,11,15,2,4,0,0,2024-2025
28/09/2024,Wolves,Liverpool,1,2,A,0,1,A,8,10,3,6,2,10,16,8,2,3,0,0,2024-2025
29/09/2024,Ipswich,Aston Villa,2,2,D,1,2,A,15,7,5,3,10,0,10,14,4,1,0,0,2024-2025
29/09/2024,Man United,Tottenham,0,3,A,0,1,A,11,24,2,10,5,3,16,14,5,3,1,0,2024-2025
30/09/2024,Bournemouth,Southampton,3,1,H,3,0,H,14,9,6,3,7,4,19,12,2,5,0,0,2024-2025
05/10/2024,Crystal Palace,Liverpool,0,1,A,0,1,A,9,16,5,4,3,8,7,15,4,2,0,0,2024-2025
05/10/2024,Arsenal,Southampton,3,1,H,0,0,D,29,8,6,2,13,1,10,9,0,3,0,0,2024-2025
05/10/2024,Brentford,Wolves,5,3,H,4,2,H,19,17,12,6,10,3,9,10,2,3,0,0,2024-2025
05/10/2024,Leicester,Bournemouth,1,0,H,1,0,H,6,17,2,2,0,9,12,14,4,1,0,0,2024-2025
05/10/2024,Man City,Fulham,3,2,H,1,1,D,20,11,7,4,8,3,4,10,2,1,0,0,2024-2025
05/10/2024,West Ham,Ipswich,4,1,H,2,1,H,23,9,13,2,5,5,12,6,0,1,0,0,2024-2025
05/10/2024,Everton,Newcastle,0,0,D,0,0,D,8,14,2,3,0,10,12,8,1,2,0,0,2024-2025
06/10/2024,Aston Villa,Man United,0,0,D,0,0,D,11,10,1,4,6,3,12,11,1,5,0,0,2024-2025
06/10/2024,Chelsea,Nott'm Forest,1,1,D,0,0,D,22,16,8,9,11,3,12,11,6,2,0,1,2024-2025
06/10/2024,Brighton,Tottenham,3,2,H,0,2,A,11,13,4,3,4,7,14,10,2,2,0,0,2024-2025
19/10/2024,Tottenham,West Ham,4,1,H,1,1,D,22,11,7,4,13,5,10,15,1,3,0,1,2024-2025
19/10/2024,Fulham,Aston Villa,1,3,A,1,1,D,10,14,4,5,6,11,8,11,3,3,1,1,2024-2025
19/10/2024,Ipswich,Everton,0,2,A,0,2,A,13,11,2,8,5,8,12,10,1,1,0,0,2024-2025
19/10/2024,Man United,Brentford,2,1,H,0,1,A,23,8,11,2,9,2,14,5,2,2,0,0,2024-2025
19/10/2024,Newcastle,Brighton,0,1,A,0,1,A,21,10,6,5,9,4,11,9,2,2,0,0,2024-2025
19/10/2024,Southampton,Leicester,2,3,A,2,0,H,14,18,7,4,10,6,10,10,5,3,1,0,2024-2025
19/10/2024,Bournemouth,Arsenal,2,0,H,0,0,D,13,6,4,1,7,4,12,11,1,1,0,1,2024-2025
20/10/2024,Wolves,Man City,1,2,A,1,1,D,3,22,2,7,1,18,8,5,4,1,0,0,2024-2025
20/10/2024,Liverpool,Chelsea,2,1,H,1,0,H,9,12,5,2,1,6,12,13,4,3,0,0,2024-2025
21/10/2024,Nott'm Forest,Crystal Palace,1,0,H,0,0,D,20,20,6,7,6,6,9,12,2,3,0,0,2024-2025
25/10/2024,Leicester,Nott'm Forest,1,3,A,1,1,D,11,20,1,5,6,7,16,9,5,2,0,0,2024-2025
26/10/2024,Aston Villa,Bournemouth,1,1,D,0,0,D,18,11,8,3,9,7,12,14,7,6,0,0,2024-2025
26/10/2024,Brentford,Ipswich,4,3,H,2,2,D,20,11,9,5,5,5,7,10,0,1,0,1,2024-2025
26/10/2024,Brighton,Wolves,2,2,D,1,0,H,19,14,6,7,9,6,12,10,3,3,0,0,2024-2025
26/10/2024,Man City,Southampton,1,0,H,1,0,H,22,5,8,2,12,1,9,9,1,3,0,0,2024-2025
26/10/2024,Everton,Fulham,1,1,D,0,0,D,10,14,5,3,4,2,8,8,1,0,0,0,2024-2025
27/10/2024,Chelsea,Newcastle,2,1,H,1,1,D,17,11,7,3,7,4,13,16,6,3,0,0,2024-2025
27/10/2024,Crystal Palace,Tottenham,1,0,H,1,0,H,14,11,6,3,8,8,16,12,4,4,0,0,2024-2025
27/10/2024,West Ham,Man United,2,1,H,0,0,D,12,18,3,5,6,5,6,7,5,1,0,0,2024-2025
27/10/2024,Arsenal,Liverpool,2,2,D,2,1,H,9,9,3,4,1,3,14,14,2,2,0,0,2024-2025
02/11/2024,Newcastle,Arsenal,1,0,H,1,0,H,9,10,4,1,4,6,16,18,4,4,0,0,2024-2025
02/11/2024,Bournemouth,Man City,2,1,H,1,0,H,12,18,6,4,3,10,11,6,2,1,0,0,2024-2025
02/11/2024,Ipswich,Leicester,1,1,D,0,0,D,14,20,2,6,4,6,11,10,4,2,1,0,2024-2025
02/11/2024,Liverpool,Brighton,2,1,H,0,1,A,16,13,8,5,10,7,10,18,1,1,0,0,2024-2025
02/11/2024,Nott'm Forest,West Ham,3,0,H,1,0,H,19,4,6,2,11,6,7,9,1,2,0,1,2024-2025
02/11/2024,Southampton,Everton,1,0,H,0,0,D,9,16,2,5,3,6,14,18,4,2,0,0,2024-2025
02/11/2024,Wolves,Crystal Palace,2,2,D,0,0,D,11,19,6,7,3,6,7,9,1,2,0,0,2024-2025
03/11/2024,Tottenham,Aston Villa,4,1,H,0,1,A,16,12,6,1,6,4,14,14,2,0,0,0,2024-2025
03/11/2024,Man United,Chelsea,1,1,D,0,0,D,11,12,4,3,4,8,19,14,6,2,0,0,2024-2025
04/11/2024,Fulham,Brentford,2,1,H,0,1,A,26,5,12,2,11,3,3,10,2,1,0,0,2024-2025
09/11/2024,Brentford,Bournemouth,3,2,H,1,1,D,12,15,6,3,6,4,8,16,2,4,0,0,2024-2025
09/11/2024,Crystal Palace,Fulham,0,2,A,0,1,A,13,17,5,7,1,8,10,11,1,1,1,0,2024-2025
09/11/2024,West Ham,Everton,0,0,D,0,0,D,11,18,6,4,7,6,10,9,1,2,0,0,2024-2025
09/11/2024,Wolves,Southampton,2,0,H,1,0,H,8,9,4,0,1,9,14,12,1,4,0,0,2024-2025
09/11/2024,Brighton,Man City,2,1,H,0,1,A,10,15,4,6,0,4,12,10,3,3,0,0,2024-2025
09/11/2024,Liverpool,Aston Villa,2,0,H,1,0,H,14,12,5,2,2,9,11,15,0,3,0,0,2024-2025
10/11/2024,Man United,Leicester,3,0,H,2,0,H,13,6,3,5,1,5,9,5,0,1,0,0,2024-2025
10/11/2024,Nott'm Forest,Newcastle,1,3,A,1,0,H,9,17,3,6,4,5,13,6,1,1,0,0,2024-2025
10/11/2024,Tottenham,Ipswich,1,2,A,0,2,A,17,8,5,3,12,2,10,19,1,5,0,0,2024-2025
10/11/2024,Chelsea,Arsenal,1,1,D,0,0,D,17,13,3,3,4,3,12,12,4,2,0,0,2024-2025
23/11/2024,Leicester,Chelsea,1,2,A,0,1,A,4,16,1,7,2,9,15,12,4,3,0,0,2024-2025
23/11/2024,Arsenal,Nott'm Forest,3,0,H,1,0,H,19,7,7,0,8,1,10,1,3,2,0,0,2024-2025
23/11/2024,Aston Villa,Crystal Palace,2,2,D,1,2,A,17,13,5,6,10,1,10,11,3,2,0,0,2024-2025
23/11/2024,Bournemouth,Brighton,1,2,A,0,1,A,19,6,5,4,7,0,13,10,2,2,0,1,2024-2025
23/11/2024,Everton,Brentford,0,0,D,0,0,D,27,9,5,2,10,4,8,10,0,0,0,1,2024-2025
23/11/2024,Fulham,Wolves,1,4,A,1,1,D,10,10,3,5,7,2,14,14,3,0,0,0,2024-2025
23/11/2024,Man City,Tottenham,0,4,A,0,2,A,23,9,5,7,9,3,19,9,4,2,0,0,2024-2025
24/11/2024,Southampton,Liverpool,2,3,A,1,1,D,7,27,5,11,3,10,11,9,3,4,0,0,2024-2025
24/11/2024,Ipswich,Man United,1,1,D,1,1,D,11,11,6,4,4,3,11,10,0,0,0,0,2024-2025
25/11/2024,Newcastle,West Ham,0,2,A,0,1,A,18,15,2,6,8,3,11,8,1,0,0,0,2024-2025
29/11/2024,Brighton,Southampton,1,1,D,1,0,H,22,10,5,2,7,6,20,16,2,4,0,0,2024-2025
30/11/2024,Brentford,Leicester,4,1,H,3,1,H,13,7,6,3,5,4,9,10,1,1,0,0,2024-2025
30/11/2024,Crystal Palace,Newcastle,1,1,D,0,0,D,16,1,4,0,8,9,12,11,3,3,0,0,2024-2025
30/11/2024,Nott'm Forest,Ipswich,1,0,H,0,0,D,12,7,5,3,8,7,5,16,1,3,0,0,2024-2025
30/11/2024,Wolves,Bournemouth,2,4,A,1,3,A,10,12,3,8,3,4,13,11,4,1,0,0,2024-2025
30/11/2024,West Ham,Arsenal,2,5,A,2,5,A,12,16,5,7,2,10,10,13,4,1,0,0,2024-2025
01/12/2024,Chelsea,Aston Villa,3,0,H,2,0,H,17,10,8,4,3,4,21,6,2,2,0,0,2024-2025
01/12/2024,Man United,Everton,4,0,H,2,0,H,11,8,5,2,2,2,12,12,2,3,0,0,2024-2025
01/12/2024,Tottenham,Fulham,1,1,D,0,0,D,8,14,3,6,7,11,4,14,0,1,0,1,2024-2025
01/12/2024,Liverpool,Man City,2,0,H,1,0,H,18,8,7,2,7,4,9,8,1,3,0,0,2024-2025
03/12/2024,Ipswich,Crystal Palace,0,1,A,0,0,D,9,13,2,3,4,7,14,13,2,4,0,0,2024-2025
03/12/2024,Leicester,West Ham,3,1,H,1,0,H,8,31,6,10,3,9,9,7,2,2,0,0,2024-2025
04/12/2024,Everton,Wolves,4,0,H,2,0,H,13,6,4,2,3,4,10,8,2,0,0,0,2024-2025
04/12/2024,Man City,Nott'm Forest,3,0,H,2,0,H,17,12,7,3,8,2,7,15,2,4,0,0,2024-2025
04/12/2024,Newcastle,Liverpool,3,3,D,1,0,H,17,16,6,5,5,6,9,17,2,5,0,0,2024-2025
04/12/2024,Southampton,Chelsea,1,5,A,1,3,A,6,26,4,13,5,7,7,14,1,0,1,0,2024-2025
04/12/2024,Arsenal,Man United,2,0,H,0,0,D,14,5,6,2,13,0,12,8,1,3,0,0,2024-2025
04/12/2024,Aston Villa,Brentford,3,1,H,3,0,H,20,9,10,1,10,5,11,15,2,2,0,0,2024-2025
05/12/2024,Fulham,Brighton,3,1,H,1,0,H,6,13,2,3,5,6,7,8,2,2,0,0,2024-2025
05/12/2024,Bournemouth,Tottenham,1,0,H,1,0,H,21,12,8,4,5,9,15,8,2,2,0,0,2024-2025
07/12/2024,Aston Villa,Southampton,1,0,H,1,0,H,18,4,5,0,14,1,18,15,1,3,0,0,2024-2025
07/12/2024,Brentford,Newcastle,4,2,H,2,2,D,11,16,8,3,3,4,10,7,3,0,0,0,2024-2025
07/12/2024,Crystal Palace,Man City,2,2,D,1,1,D,12,12,3,4,6,8,4,10,1,0,0,1,2024-2025
07/12/2024,Man United,Nott'm Forest,2,3,A,1,1,D,17,11,7,3,5,3,10,13,0,2,0,0,2024-2025
08/12/2024,Fulham,Arsenal,1,1,D,1,0,H,2,12,2,4,0,6,10,9,4,2,0,0,2024-2025
08/12/2024,Ipswich,Bournemouth,1,2,A,1,0,H,18,22,5,6,6,13,9,13,2,1,0,0,2024-2025
08/12/2024,Leicester,Brighton,2,2,D,0,1,A,10,16,3,7,5,5,9,10,1,2,0,0,2024-2025
08/12/2024,Tottenham,Chelsea,3,4,A,2,1,H,13,17,5,8,5,10,17,11,2,2,0,0,2024-2025
09/12/2024,West Ham,Wolves,2,1,H,0,0,D,19,19,4,5,11,0,12,17,5,4,0,0,2024-2025
14/12/2024,Arsenal,Everton,0,0,D,0,0,D,13,2,5,0,8,2,6,9,0,3,0,0,2024-2025
14/12/2024,Liverpool,Fulham,2,2,D,0,1,A,16,12,4,3,5,4,10,7,3,4,1,0,2024-2025
14/12/2024,Newcastle,Leicester,4,0,H,1,0,H,27,4,11,1,5,2,7,16,3,3,0,0,2024-2025
14/12/2024,Wolves,Ipswich,1,2,A,0,1,A,16,10,6,5,7,3,13,9,0,2,1,0,2024-2025
14/12/2024,Nott'm Forest,Aston Villa,2,1,H,0,0,D,17,8,6,2,4,3,12,6,0,1,0,0,2024-2025
15/12/2024,Brighton,Crystal Palace,1,3,A,0,2,A,17,13,5,5,8,5,11,15,1,4,0,0,2024-2025
15/12/2024,Man City,Man United,1,2,A,1,0,H,10,10,3,3,8,2,5,14,1,1,0,0,2024-2025
15/12/2024,Chelsea,Brentford,2,1,H,1,0,H,26,9,8,4,8,5,11,7,0,2,1,0,2024-2025
15/12/2024,Southampton,Tottenham,0,5,A,0,5,A,9,18,3,9,2,5,8,15,1,3,0,0,2024-2025
16/12/2024,Bournemouth,West Ham,1,1,D,0,0,D,29,16,9,3,12,6,6,11,0,2,0,0,2024-2025
21/12/2024,Aston Villa,Man City,2,1,H,1,0,H,11,12,6,6,5,4,14,7,3,3,0,0,2024-2025
21/12/2024,Brentford,Nott'm Forest,0,2,A,0,1,A,7,10,3,6,9,5,9,14,3,4,0,0,2024-2025
21/12/2024,Ipswich,Newcastle,0,4,A,0,3,A,10,15,2,7,2,1,9,7,2,0,0,0,2024-2025
21/12/2024,West Ham,Brighton,1,1,D,0,0,D,11,12,4,6,8,4,14,20,2,2,0,0,2024-2025
21/12/2024,Crystal Palace,Arsenal,1,5,A,1,3,A,15,14,6,6,3,3,9,8,2,2,0,0,2024-2025
22/12/2024,Everton,Chelsea,0,0,D,0,0,D,5,12,4,5,2,5,20,12,4,1,0,0,2024-2025
22/12/2024,Fulham,Southampton,0,0,D,0,0,D,16,5,5,1,6,5,8,15,1,3,0,0,2024-2025
22/12/2024,Leicester,Wolves,0,3,A,0,3,A,9,8,5,4,6,1,15,16,2,0,0,0,2024-2025
22/12/2024,Man United,Bournemouth,0,3,A,0,1,A,23,10,7,5,13,1,11,11,1,3,0,0,2024-2025
22/12/2024,Tottenham,Liverpool,3,6,A,1,3,A,9,24,5,12,7,5,7,9,1,2,0,0,2024-2025
26/12/2024,Man City,Everton,1,1,D,1,1,D,24,8,5,3,8,5,5,10,1,4,0,0,2024-2025
26/12/2024,Bournemouth,Crystal Palace,0,0,D,0,0,D,18,10,4,4,5,2,13,12,2,2,0,0,2024-2025
26/12/2024,Chelsea,Fulham,1,2,A,1,0,H,12,14,8,7,3,1,13,13,1,3,0,0,2024-2025
26/12/2024,Newcastle,Aston Villa,3,0,H,1,0,H,22,4,8,1,9,6,15,10,2,1,0,1,2024-2025
26/12/2024,Nott'm Forest,Tottenham,1,0,H,1,0,H,10,13,3,4,2,7,12,13,3,2,0,1,2024-2025
26/12/2024,Southampton,West Ham,0,1,A,0,0,D,18,16,5,2,2,2,15,8,1,2,0,0,2024-2025
26/12/2024,Wolves,Man United,2,0,H,0,0,D,7,11,4,4,4,4,12,12,2,2,0,1,2024-2025
26/12/2024,Liverpool,Leicester,3,1,H,1,1,D,19,4,7,1,14,1,17,5,3,2,0,0,2024-2025
27/12/2024,Brighton,Brentford,0,0,D,0,0,D,24,8,7,3,5,3,6,12,0,2,0,0,2024-2025
27/12/2024,Arsenal,Ipswich,1,0,H,1,0,H,13,3,5,0,5,1,7,12,1,1,0,0,2024-2025
29/12/2024,Leicester,Man City,0,2,A,0,1,A,11,14,4,5,4,4,11,6,2,1,0,0,2024-2025
29/12/2024,Crystal Palace,Southampton,2,1,H,1,1,D,19,7,10,3,8,7,18,19,2,3,0,0,2024-2025
29/12/2024,Everton,Nott'm Forest,0,2,A,0,1,A,13,11,2,7,5,4,13,10,4,1,0,0,2024-2025
29/12/2024,Fulham,Bournemouth,2,2,D,1,0,H,11,16,6,9,1,7,7,16,1,3,0,0,2024-2025
29/12/2024,Tottenham,Wolves,2,2,D,2,1,H,13,11,3,3,5,5,9,10,1,2,0,0,2024-2025
29/12/2024,West Ham,Liverpool,0,5,A,0,3,A,7,22,0,13,3,6,7,10,0,0,0,0,2024-2025
30/12/2024,Aston Villa,Brighton,2,2,D,1,1,D,20,13,4,4,12,3,9,14,2,3,0,0,2024-2025
30/12/2024,Ipswich,Chelsea,2,0,H,1,0,H,9,20,6,5,4,7,9,5,4,4,0,0,2024-2025
30/12/2024,Man United,Newcastle,0,2,A,0,2,A,10,12,0,4,2,3,13,8,1,1,0,0,2024-2025
01/01/2025,Brentford,Arsenal,1,3,A,1,1,D,5,14,2,5,4,3,6,8,1,2,0,0,2024-2025
04/01/2025,Tottenham,Newcastle,1,2,A,1,2,A,13,14,4,4,9,10,11,15,1,4,0,0,2024-2025
04/01/2025,Aston Villa,Leicester,2,1,H,0,0,D,13,4,5,2,7,2,10,11,0,1,0,0,2024-2025
04/01/2025,Bournemouth,Everton,1,0,H,0,0,D,19,9,8,0,9,3,15,14,2,2,0,0,2024-2025
04/01/2025,Crystal Palace,Chelsea,1,1,D,0,1,A,13,15,6,1,6,6,9,12,0,2,0,0,2024-2025
04/01/2025,Man City,West Ham,4,1,H,2,0,H,10,17,7,4,7,1,8,13,2,1,0,0,2024-2025
04/01/2025,Southampton,Brentford,0,5,A,0,1,A,8,20,1,11,2,2,10,4,2,0,0,0,2024-2025
04/01/2025,Brighton,Arsenal,1,1,D,0,1,A,11,9,4,3,2,5,17,14,2,3,0,0,2024-2025
05/01/2025,Fulham,Ipswich,2,2,D,0,1,A,15,7,4,3,9,2,10,14,1,5,0,0,2024-2025
05/01/2025,Liverpool,Man United,2,2,D,0,0,D,19,13,6,4,6,9,10,13,2,4,0,0,2024-2025
06/01/2025,Wolves,Nott'm Forest,0,3,A,0,2,A,13,11,6,3,5,3,10,8,1,2,0,0,2024-2025
14/01/2025,Brentford,Man City,2,2,D,0,0,D,18,21,6,8,4,5,4,4,0,0,0,0,2024-2025
14/01/2025,Chelsea,Bournemouth,2,2,D,1,0,H,26,7,10,3,9,3,15,16,2,3,0,0,2024-2025
14/01/2025,West Ham,Fulham,3,2,H,2,0,H,4,21,3,5,0,3,9,18,3,3,0,0,2024-2025
14/01/2025,Nott'm Forest,Liverpool,1,1,D,1,0,H,6,23,3,7,0,9,7,10,2,1,0,0,2024-2025
15/01/2025,Everton,Aston Villa,0,1,A,0,0,D,10,11,3,3,8,5,17,10,2,1,0,0,2024-2025
15/01/2025,Leicester,Crystal Palace,0,2,A,0,0,D,21,9,4,4,4,3,7,6,0,0,0,0,2024-2025
15/01/2025,Newcastle,Wolves,3,0,H,1,0,H,17,13,5,7,4,2,10,13,0,2,0,0,2024-2025
15/01/2025,Arsenal,Tottenham,2,1,H,2,1,H,14,10,4,2,10,4,16,9,3,1,0,0,2024-2025
16/01/2025,Ipswich,Brighton,0,2,A,0,0,D,5,11,3,5,1,9,13,14,2,2,0,0,2024-2025
16/01/2025,Man United,Southampton,3,1,H,0,1,A,23,13,9,5,5,4,7,10,1,3,0,0,2024-2025
18/01/2025,Newcastle,Bournemouth,1,4,A,1,2,A,13,19,5,10,7,6,7,18,1,6,0,0,2024-2025
18/01/2025,Brentford,Liverpool,0,2,A,0,0,D,11,37,6,8,2,15,6,14,2,3,0,0,2024-2025
18/01/2025,Leicester,Fulham,0,2,A,0,0,D,8,17,4,2,5,2,8,8,3,1,0,0,2024-2025
18/01/2025,West Ham,Crystal Palace,0,2,A,0,0,D,7,12,0,7,2,4,13,10,1,0,1,0,2024-2025
18/01/2025,Arsenal,Aston Villa,2,2,D,1,0,H,18,8,6,4,10,1,10,18,2,3,0,0,2024-2025
19/01/2025,Everton,Tottenham,3,2,H,3,0,H,12,11,6,6,3,8,14,14,2,1,0,0,2024-2025
19/01/2025,Man United,Brighton,1,3,A,1,1,D,10,6,1,3,4,2,13,12,3,3,0,0,2024-2025
19/01/2025,Nott'm Forest,Southampton,3,2,H,3,0,H,14,10,5,4,2,8,4,18,0,4,0,0,2024-2025
19/01/2025,Ipswich,Man City,0,6,A,0,3,A,8,17,4,9,4,7,4,7,0,1,0,0,2024-2025
20/01/2025,Chelsea,Wolves,3,1,H,1,1,D,19,9,7,4,3,6,8,14,4,2,0,0,2024-2025
25/01/2025,Bournemouth,Nott'm Forest,5,0,H,1,0,H,16,18,10,4,3,9,9,12,2,3,0,0,2024-2025
25/01/2025,Brighton,Everton,0,1,A,0,1,A,16,3,1,1,9,1,8,11,3,4,0,0,2024-2025
25/01/2025,Liverpool,Ipswich,4,1,H,3,0,H,16,3,6,3,3,4,10,11,0,2,0,0,2024-2025
25/01/2025,Southampton,Newcastle,1,3,A,1,2,A,12,17,5,9,3,8,10,5,1,0,0,0,2024-2025
25/01/2025,Wolves,Arsenal,0,1,A,0,0,D,9,9,4,3,1,5,20,10,0,1,1,1,2024-2025
25/01/2025,Man City,Chelsea,3,1,H,1,1,D,15,10,6,4,2,4,6,8,3,2,0,0,2024-2025
26/01/2025,Crystal Palace,Brentford,1,2,A,0,0,D,16,13,5,6,4,7,8,11,2,2,0,0,2024-2025
26/01/2025,Tottenham,Leicester,1,2,A,1,0,H,15,12,6,3,6,4,6,16,1,5,0,0,2024-2025
26/01/2025,Aston Villa,West Ham,1,1,D,1,0,H,14,14,4,4,4,3,13,16,2,3,0,0,2024-2025
26/01/2025,Fulham,Man United,0,1,A,0,0,D,9,4,3,1,3,0,7,9,0,1,0,0,2024-2025
01/02/2025,Nott'm Forest,Brighton,7,0,H,3,0,H,14,10,9,5,4,6,8,13,1,3,0,0,2024-2025
01/02/2025,Bournemouth,Liverpool,0,2,A,0,1,A,14,19,3,7,3,3,15,9,2,3,0,0,2024-2025
01/02/2025,Everton,Leicester,4,0,H,3,0,H,13,9,7,1,5,6,7,13,0,0,0,0,2024-2025
01/02/2025,Ipswich,Southampton,1,2,A,1,1,D,15,9,6,4,1,2,11,14,0,3,0,0,2024-2025
01/02/2025,Newcastle,Fulham,1,2,A,1,0,H,11,15,4,4,4,7,10,15,4,4,0,0,2024-2025
01/02/2025,Wolves,Aston Villa,2,0,H,1,0,H,8,10,5,3,5,8,20,13,2,3,0,0,2024-2025
02/02/2025,Brentford,Tottenham,0,2,A,0,1,A,20,13,4,2,10,3,4,11,0,1,0,0,2024-2025
02/02/2025,Man United,Crystal Palace,0,2,A,0,0,D,17,11,2,3,11,0,12,13,3,1,0,0,2024-2025
02/02/2025,Arsenal,Man City,5,1,H,1,0,H,12,7,7,4,5,2,6,7,2,0,0,0,2024-2025
03/02/2025,Chelsea,West Ham,2,1,H,0,1,A,22,14,3,5,4,3,11,10,3,1,0,0,2024-2025
12/02/2025,Everton,Liverpool,2,2,D,1,1,D,10,6,3,4,2,3,9,20,2,2,1,1,2024-2025
14/02/2025,Brighton,Chelsea,3,0,H,2,0,H,13,8,5,0,2,9,12,15,1,2,0,0,2024-2025
15/02/2025,Leicester,Arsenal,0,2,A,0,0,D,6,11,2,5,3,7,9,10,2,1,0,0,2024-2025
15/02/2025,Aston Villa,Ipswich,1,1,D,0,0,D,25,4,6,3,16,1,7,11,0,3,0,1,2024-2025
15/02/2025,Fulham,Nott'm Forest,2,1,H,1,1,D,24,8,10,2,8,4,13,8,0,0,0,0,2024-2025
15/02/2025,Man City,Newcastle,4,0,H,3,0,H,11,3,7,1,7,4,5,13,0,1,0,0,2024-2025
15/02/2025,Southampton,Bournemouth,1,3,A,0,2,A,11,14,4,7,4,6,13,15,1,3,0,0,2024-2025
15/02/2025,West Ham,Brentford,0,1,A,0,1,A,13,14,3,5,9,2,10,13,1,1,0,0,2024-2025
15/02/2025,Crystal Palace,Everton,1,2,A,0,1,A,17,11,6,6,6,2,9,12,0,1,0,0,2024-2025
16/02/2025,Liverpool,Wolves,2,1,H,2,0,H,10,16,3,4,4,3,15,13,2,2,0,0,2024-2025
16/02/2025,Tottenham,Man United,1,0,H,1,0,H,22,16,7,6,10,5,13,9,1,2,0,0,2024-2025
19/02/2025,Aston Villa,Liverpool,2,2,D,2,1,H,9,17,4,3,6,8,8,6,1,0,0,0,2024-2025
21/02/2025,Leicester,Brentford,0,4,A,0,3,A,8,14,3,6,5,6,10,10,4,0,0,0,2024-2025
22/02/2025,Everton,Man United,2,2,D,2,0,H,9,9,8,3,7,9,12,9,4,1,0,0,2024-2025
22/02/2025,Arsenal,West Ham,0,1,A,0,1,A,20,5,2,2,2,0,16,15,1,3,1,0,2024-2025
22/02/2025,Bournemouth,Wolves,0,1,A,0,1,A,8,13,3,5,6,7,17,9,3,3,1,0,2024-2025
22/02/2025,Fulham,Crystal Palace,0,2,A,0,1,A,10,10,0,5,7,7,10,7,1,3,0,0,2024-2025
22/02/2025,Ipswich,Tottenham,1,4,A,1,2,A,17,10,5,6,4,4,15,14,2,1,0,0,2024-2025
22/02/2025,Southampton,Brighton,0,4,A,0,1,A,6,18,1,12,5,6,11,12,2,0,0,0,2024-2025
22/02/2025,Aston Villa,Chelsea,2,1,H,0,1,A,12,15,6,7,2,3,15,16,1,3,0,0,2024-2025
23/02/2025,Newcastle,Nott'm Forest,4,3,H,4,1,H,13,17,5,5,7,6,11,13,1,4,0,0,2024-2025
23/02/2025,Man City,Liverpool,0,2,A,0,2,A,16,8,5,4,7,5,3,10,0,0,0,0,2024-2025
25/02/2025,Brighton,Bournemouth,2,1,H,1,0,H,11,19,4,5,1,9,12,14,2,1,0,0,2024-2025
25/02/2025,Crystal Palace,Aston Villa,4,1,H,1,0,H,19,6,6,2,3,8,19,10,3,1,0,0,2024-2025
25/02/2025,Wolves,Fulham,1,2,A,1,1,D,18,11,5,5,7,5,8,15,1,3,0,0,2024-2025
25/02/2025,Chelsea,Southampton,4,0,H,3,0,H,19,7,10,2,4,2,6,9,1,2,0,0,2024-2025
26/02/2025,Brentford,Everton,1,1,D,1,0,H,12,14,3,4,2,5,3,6,2,1,0,0,2024-2025
26/02/2025,Man United,Ipswich,3,2,H,2,2,D,10,12,6,3,5,6,9,16,4,4,1,0,2024-2025
26/02/2025,Nott'm Forest,Arsenal,0,0,D,0,0,D,6,13,2,1,3,11,10,17,1,1,0,0,2024-2025
26/02/2025,Tottenham,Man City,0,1,A,0,1,A,11,12,6,5,8,3,12,15,3,0,0,0,2024-2025
26/02/2025,Liverpool,Newcastle,2,0,H,1,0,H,12,3,3,0,4,2,12,11,0,1,0,0,2024-2025
27/02/2025,West Ham,Leicester,2,0,H,2,0,H,8,10,2,2,3,3,12,6,0,0,0,0,2024-2025
08/03/2025,Nott'm Forest,Man City,1,0,H,0,0,D,9,14,4,3,3,2,9,7,3,2,0,0,2024-2025
08/03/2025,Brighton,Fulham,2,1,H,1,1,D,9,6,4,1,3,7,6,12,0,2,0,0,2024-2025
08/03/2025,Crystal Palace,Ipswich,1,0,H,0,0,D,19,15,4,8,5,4,8,7,4,3,0,0,2024-2025
08/03/2025,Liverpool,Southampton,3,1,H,0,1,A,28,6,7,4,6,4,10,9,2,1,0,0,2024-2025
08/03/2025,Brentford,Aston Villa,0,1,A,0,0,D,13,12,3,4,6,5,10,5,2,2,0,0,2024-2025
08/03/2025,Wolves,Everton,1,1,D,1,1,D,11,12,3,4,5,5,11,16,2,2,0,0,2024-2025
09/03/2025,Chelsea,Leicester,1,0,H,0,0,D,20,3,7,3,12,2,12,13,1,0,0,0,2024-2025
09/03/2025,Tottenham,Bournemouth,2,2,D,0,1,A,12,17,4,8,3,6,15,16,3,3,0,0,2024-2025
09/03/2025,Man United,Arsenal,1,1,D,1,0,H,10,17,6,6,2,9,8,11,0,1,0,0,2024-2025
10/03/2025,West Ham,Newcastle,0,1,A,0,0,D,9,9,2,3,3,4,7,15,0,1,0,0,2024-2025
15/03/2025,Everton,West Ham,1,1,D,0,0,D,13,10,5,5,6,5,12,8,1,2,0,0,2024-2025
15/03/2025,Ipswich,Nott'm Forest,2,4,A,0,3,A,11,11,4,6,6,3,4,13,1,1,0,0,2024-2025
15/03/2025,Man City,Brighton,2,2,D,2,1,H,11,15,3,3,4,5,10,10,2,5,0,0,2024-2025
15/03/2025,Southampton,Wolves,1,2,A,0,1,A,10,5,3,3,5,1,12,13,0,0,0,0,2024-2025
15/03/2025,Bournemouth,Brentford,1,2,A,1,1,D,17,10,5,4,4,3,13,7,3,0,0,0,2024-2025
16/03/2025,Arsenal,Chelsea,1,0,H,1,0,H,12,8,4,2,5,4,10,13,3,3,0,0,2024-2025
16/03/2025,Fulham,Tottenham,2,0,H,0,0,D,13,12,4,4,6,5,13,10,0,0,0,0,2024-2025
16/03/2025,Leicester,Man United,0,3,A,0,1,A,11,18,3,5,6,4,6,6,2,0,0,0,2024-2025
01/04/2025,Arsenal,Fulham,2,1,H,1,0,H,17,9,4,3,5,4,2,10,1,2,0,0,2024-2025
01/04/2025,Wolves,West Ham,1,0,H,1,0,H,9,10,2,1,1,2,16,12,4,2,0,0,2024-2025
01/04/2025,Nott'm Forest,Man United,1,0,H,1,0,H,8,23,2,6,3,10,5,12,1,3,0,0,2024-2025
02/04/2025,Bournemouth,Ipswich,1,2,A,0,1,A,24,10,7,2,8,3,14,15,1,2,0,0,2024-2025
02/04/2025,Brighton,Aston Villa,0,3,A,0,0,D,11,8,4,5,4,0,16,11,1,3,0,0,2024-2025
02/04/2025,Man City,Leicester,2,0,H,2,0,H,18,2,5,0,5,0,11,8,1,4,0,0,2024-2025
02/04/2025,Newcastle,Brentford,2,1,H,1,0,H,21,12,4,3,4,5,12,12,1,1,0,0,2024-2025
02/04/2025,Southampton,Crystal Palace,1,1,D,1,0,H,8,9,2,3,2,2,14,9,2,1,0,0,2024-2025
02/04/2025,Liverpool,Everton,1,0,H,0,0,D,17,5,3,0,11,5,7,11,2,2,0,0,2024-2025
03/04/2025,Chelsea,Tottenham,1,0,H,0,0,D,11,8,5,2,4,6,7,16,5,5,0,0,2024-2025
05/04/2025,Everton,Arsenal,1,1,D,0,1,A,5,14,2,5,3,8,17,13,3,1,0,0,2024-2025
05/04/2025,Crystal Palace,Brighton,2,1,H,1,1,D,8,11,3,5,2,4,12,13,0,1,2,1,2024-2025
05/04/2025,Ipswich,Wolves,1,2,A,1,0,H,6,22,2,7,4,8,12,16,2,2,0,0,2024-2025
05/04/2025,West Ham,Bournemouth,2,2,D,0,1,A,9,11,3,4,4,7,13,13,2,2,0,0,2024-2025
05/04/2025,Aston Villa,Nott'm Forest,2,1,H,2,0,H,17,19,8,3,4,4,7,15,2,2,0,0,2024-2025
06/04/2025,Brentford,Chelsea,0,0,D,0,0,D,9,21,2,5,3,6,12,12,1,3,0,0,2024-2025
06/04/2025,Fulham,Liverpool,3,2,H,3,1,H,12,14,6,6,4,4,10,9,3,0,0,0,2024-2025
06/04/2025,Tottenham,Southampton,3,1,H,2,0,H,13,12,8,4,4,1,16,20,1,1,0,0,2024-2025
06/04/2025,Man United,Man City,0,0,D,0,0,D,13,9,2,5,5,3,13,9,3,2,0,0,2024-2025
07/04/2025,Leicester,Newcastle,0,3,A,0,3,A,7,16,2,5,12,2,8,9,2,0,0,0,2024-2025
12/04/2025,Man City,Crystal Palace,5,2,H,2,2,D,21,8,9,3,1,4,10,16,2,3,0,0,2024-2025
12/04/2025,Brighton,Leicester,2,2,D,1,1,D,21,15,7,6,3,6,9,11,2,5,0,0,2024-2025
12/04/2025,Nott'm Forest,Everton,0,1,A,0,0,D,10,13,5,5,1,7,9,13,0,3,0,0,2024-2025
12/04/2025,Southampton,Aston Villa,0,3,A,0,0,D,7,25,2,10,2,14,11,4,3,1,0,0,2024-2025
12/04/2025,Arsenal,Brentford,1,1,D,0,0,D,14,3,3,2,13,5,7,9,1,3,0,0,2024-2025
13/04/2025,Chelsea,Ipswich,2,2,D,0,2,A,34,13,9,4,15,4,11,7,2,2,0,0,2024-2025
13/04/2025,Liverpool,West Ham,2,1,H,1,0,H,15,11,6,4,10,3,15,8,0,2,0,0,2024-2025
13/04/2025,Wolves,Tottenham,4,2,H,2,0,H,13,11,5,4,1,4,12,15,1,2,0,0,2024-2025
13/04/2025,Newcastle,Man United,4,1,H,1,1,D,13,9,6,5,7,2,7,9,0,2,0,0,2024-2025
14/04/2025,Bournemouth,Fulham,1,0,H,1,0,H,12,12,3,7,6,9,11,10,3,2,0,0,2024-2025
16/04/2025,Newcastle,Crystal Palace,5,0,H,4,0,H,14,11,7,4,5,4,9,15,2,3,0,0,2024-2025
19/04/2025,Brentford,Brighton,4,2,H,1,1,D,16,12,8,3,4,8,7,11,3,3,0,1,2024-2025
19/04/2025,Crystal Palace,Bournemouth,0,0,D,0,0,D,5,15,0,4,5,4,13,10,3,4,1,0,2024-2025
19/04/2025,Everton,Man City,0,2,A,0,0,D,8,12,3,7,2,5,7,6,4,0,0,0,2024-2025
19/04/2025,West Ham,Southampton,1,1,D,0,0,D,12,15,4,4,2,5,14,13,2,1,0,0,2024-2025
19/04/2025,Aston Villa,Newcastle,4,1,H,1,1,D,23,10,9,3,7,7,9,12,1,3,0,0,2024-2025
20/04/2025,Fulham,Chelsea,1,2,A,1,0,H,6,13,1,8,6,4,13,9,1,3,0,0,2024-2025
20/04/2025,Ipswich,Arsenal,0,4,A,0,2,A,4,24,0,7,0,12,10,7,0,0,1,0,2024-2025
20/04/2025,Man United,Wolves,0,1,A,0,0,D,12,4,2,2,9,2,11,18,2,3,0,0,2024-2025
20/04/2025,Leicester,Liverpool,0,1,A,0,0,D,5,28,0,10,1,13,11,7,1,2,0,0,2024-2025
21/04/2025,Tottenham,Nott'm Forest,1,2,A,0,2,A,22,4,6,3,7,1,11,12,1,4,0,0,2024-2025
22/04/2025,Man City,Aston Villa,2,1,H,1,1,D,14,7,6,3,10,2,9,10,3,3,0,0,2024-2025
23/04/2025,Arsenal,Crystal Palace,2,2,D,2,1,H,12,15,6,4,3,6,4,6,1,1,0,0,2024-2025
26/04/2025,Chelsea,Everton,1,0,H,1,0,H,10,6,7,3,10,2,11,11,0,0,0,0,2024-2025
26/04/2025,Brighton,West Ham,3,2,H,1,0,H,16,12,9,4,8,1,7,9,1,1,0,0,2024-2025
26/04/2025,Newcastle,Ipswich,3,0,H,1,0,H,25,4,5,0,11,2,9,9,1,2,0,1,2024-2025
26/04/2025,Southampton,Fulham,1,2,A,1,0,H,7,26,3,5,0,13,10,12,1,1,0,0,2024-2025
26/04/2025,Wolves,Leicester,3,0,H,1,0,H,20,8,6,2,4,2,7,17,1,4,0,0,2024-2025
27/04/2025,Bournemouth,Man United,1,1,D,1,0,H,8,25,1,6,5,10,11,12,4,2,1,0,2024-2025
27/04/2025,Liverpool,Tottenham,5,1,H,3,1,H,25,8,8,3,8,2,16,9,2,1,0,0,2024-2025
01/05/2025,Nott'm Forest,Brentford,0,2,A,0,1,A,14,11,5,3,4,5,10,12,3,5,0,0,2024-2025
02/05/2025,Man City,Wolves,1,0,H,1,0,H,9,6,2,1,4,5,7,11,0,0,0,0,2024-2025
03/05/2025,Aston Villa,Fulham,1,0,H,1,0,H,10,11,3,3,5,3,6,17,0,5,0,0,2024-2025
03/05/2025,Everton,Ipswich,2,2,D,2,1,H,8,12,3,5,3,3,12,15,4,4,0,0,2024-2025
03/05/2025,Leicester,Southampton,2,0,H,2,0,H,14,8,4,2,7,7,12,13,1,3,0,0,2024-2025
03/05/2025,Arsenal,Bournemouth,1,2,A,1,0,H,13,9,4,2,2,3,7,16,0,2,0,0,2024-2025
04/05/2025,Brentford,Man United,4,3,H,2,1,H,12,14,6,5,7,4,8,10,0,2,0,0,2024-2025
04/05/2025,Brighton,Newcastle,1,1,D,1,0,H,5,13,2,5,1,4,15,10,2,1,0,0,2024-2025
04/05/2025,West Ham,Tottenham,1,1,D,1,1,D,11,7,2,2,1,3,18,15,2,2,0,0,2024-2025
04/05/2025,Chelsea,Liverpool,3,1,H,1,0,H,17,11,7,2,3,6,10,11,2,2,0,0,2024-2025
05/05/2025,Crystal Palace,Nott'm Forest,1,1,D,0,0,D,20,12,3,4,7,4,9,15,3,8,0,0,2024-2025
10/05/2025,Fulham,Everton,1,3,A,1,1,D,18,11,6,7,5,5,15,9,1,0,0,0,2024-2025
10/05/2025,Ipswich,Brentford,0,1,A,0,1,A,11,15,4,5,5,6,6,12,2,4,0,0,2024-2025
10/05/2025,Southampton,Man City,0,0,D,0,0,D,2,26,0,5,1,15,9,8,2,0,0,0,2024-2025
10/05/2025,Wolves,Brighton,0,2,A,0,1,A,10,7,3,2,7,4,8,12,1,1,0,0,2024-2025
10/05/2025,Bournemouth,Aston Villa,0,1,A,0,1,A,10,6,4,3,10,0,19,12,4,3,0,1,2024-2025
11/05/2025,Newcastle,Chelsea,2,0,H,1,0,H,15,10,6,3,2,8,9,13,4,2,0,1,2024-2025
11/05/2025,Man United,West Ham,0,2,A,0,1,A,20,9,5,4,8,5,3,13,0,1,0,0,2024-2025
11/05/2025,Nott'm Forest,Leicester,2,2,D,1,1,D,15,10,4,6,4,4,11,11,3,3,0,0,2024-2025
11/05/2025,Tottenham,Crystal Palace,0,2,A,0,1,A,8,23,1,10,4,8,12,10,1,1,0,0,2024-2025
11/05/2025,Liverpool,Arsenal,2,2,D,2,0,H,14,15,5,7,3,1,13,10,1,1,0,1,2024-2025
16/05/2025,Aston Villa,Tottenham,2,0,H,0,0,D,18,3,7,1,9,1,5,12,1,2,0,0,2024-2025
16/05/2025,Chelsea,Man United,1,0,H,0,0,D,11,4,3,1,7,2,10,14,1,6,0,0,2024-2025
18/05/2025,Everton,Southampton,2,0,H,2,0,H,13,6,5,2,4,5,6,10,1,1,0,0,2024-2025
18/05/2025,West Ham,Nott'm Forest,1,2,A,0,1,A,16,10,5,5,8,7,14,7,6,3,0,0,2024-2025
18/05/2025,Brentford,Fulham,2,3,A,2,1,H,11,16,6,7,5,3,12,8,4,4,0,0,2024-2025
18/05/2025,Leicester,Ipswich,2,0,H,1,0,H,9,20,3,2,2,2,15,12,1,0,0,0,2024-2025
18/05/2025,Arsenal,Newcastle,1,0,H,0,0,D,12,14,4,5,10,7,9,9,3,3,0,0,2024-2025
19/05/2025,Brighton,Liverpool,3,2,H,1,2,A,25,18,12,5,3,3,9,8,1,0,0,0,2024-2025
20/05/2025,Crystal Palace,Wolves,4,2,H,2,1,H,14,12,10,3,0,10,14,8,1,2,0,0,2024-2025
20/05/2025,Man City,Bournemouth,3,1,H,2,0,H,12,8,5,2,3,1,7,13,1,3,1,1,2024-2025
25/05/2025,Bournemouth,Leicester,2,0,H,0,0,D,20,3,7,0,6,1,19,16,0,2,0,0,2024-2025
25/05/2025,Fulham,Man City,0,2,A,0,1,A,13,20,3,5,1,6,11,5,0,0,0,0,2024-2025
25/05/2025,Ipswich,West Ham,1,3,A,0,1,A,14,10,4,6,4,0,10,9,1,1,0,0,2024-2025
25/05/2025,Liverpool,Crystal Palace,1,1,D,0,1,A,14,8,3,5,11,0,7,10,1,0,1,0,2024-2025
25/05/2025,Man United,Aston Villa,2,0,H,0,0,D,25,6,10,1,4,3,10,10,2,2,0,1,2024-2025
25/05/2025,Newcastle,Everton,0,1,A,0,0,D,17,14,6,6,12,3,12,9,1,4,0,0,2024-2025
25/05/2025,Nott'm Forest,Chelsea,0,1,A,0,0,D,10,6,2,2,7,4,10,11,2,2,0,0,2024-2025
25/05/2025,Southampton,Arsenal,1,2,A,0,1,A,7,23,2,8,5,8,7,8,0,0,0,0,2024-2025
25/05/2025,Tottenham,Brighton,1,4,A,1,0,H,4,23,2,8,2,11,13,8,3,1,0,0,2024-2025
25/05/2025,Wolves,Brentford,1,1,D,0,1,A,18,13,6,7,8,3,7,9,2,1,0,0,2024-2025
15/08/2025,Liverpool,Bournemouth,4,2,H,1,0,H,19,10,10,3,6,7,7,10,1,2,0,0,2025-2026
16/08/2025,Aston Villa,Newcastle,0,0,D,0,0,D,3,16,3,3,3,6,13,11,1,1,1,0,2025-2026
16/08/2025,Brighton,Fulham,1,1,D,0,0,D,10,7,4,2,4,3,16,15,3,3,0,0,2025-2026
16/08/2025,Sunderland,West Ham,3,0,H,0,0,D,10,12,5,4,5,7,8,10,0,1,0,0,2025-2026
16/08/2025,Tottenham,Burnley,3,0,H,1,0,H,16,14,6,4,6,5,14,8,0,0,0,0,2025-2026
16/08/2025,Wolves,Man City,0,4,A,0,2,A,9,15,3,4,4,6,13,7,1,2,0,0,2025-2026
17/08/2025,Chelsea,Crystal Palace,0,0,D,0,0,D,19,12,3,4,11,2,10,12,2,3,0,0,2025-2026
17/08/2025,Nott'm Forest,Brentford,3,1,H,3,0,H,11,10,5,3,5,5,7,15,1,2,0,0,2025-2026
17/08/2025,Man United,Arsenal,0,1,A,0,1,A,22,9,7,3,3,4,10,19,1,4,0,0,2025-2026
18/08/2025,Leeds,Everton,1,0,H,0,0,D,21,7,3,1,7,2,6,8,0,2,0,0,2025-2026
22/08/2025,West Ham,Chelsea,1,5,A,1,3,A,12,12,4,7,7,5,7,10,0,1,0,0,2025-2026
23/08/2025,Man City,Tottenham,0,2,A,0,2,A,10,12,4,5,7,2,7,12,1,4,0,0,2025-2026
23/08/2025,Bournemouth,Wolves,1,0,H,1,0,H,14,6,4,1,8,3,13,16,2,4,0,1,2025-2026
23/08/2025,Brentford,Aston Villa,1,0,H,1,0,H,9,17,2,2,2,9,11,9,1,2,0,0,2025-2026
23/08/2025,Burnley,Sunderland,2,0,H,0,0,D,7,9,2,1,4,3,9,5,0,1,0,0,2025-2026
23/08/2025,Arsenal,Leeds,5,0,H,2,0,H,18,3,5,1,2,2,8,11,0,2,0,0,2025-2026
24/08/2025,Crystal Palace,Nott'm Forest,1,1,D,1,0,H,8,9,4,1,1,3,11,11,3,3,0,0,2025-2026
24/08/2025,Everton,Brighton,2,0,H,1,0,H,11,13,3,4,2,2,7,15,4,3,0,0,2025-2026
24/08/2025,Fulham,Man United,1,1,D,0,0,D,13,10,4,3,9,6,12,10,1,1,0,0,2025-2026
25/08/2025,Newcastle,Liverpool,2,3,A,0,1,A,10,5,3,4,7,1,17,15,2,3,1,0,2025-2026
30/08/2025,Chelsea,Fulham,2,0,H,1,0,H,13,11,6,3,6,4,11,17,2,2,0,0,2025-2026
30/08/2025,Man United,Burnley,3,2,H,1,0,H,26,6,6,3,7,1,9,9,1,5,0,0,2025-2026
30/08/2025,Sunderland,Brentford,2,1,H,0,0,D,12,7,3,4,3,4,11,12,3,2,0,0,2025-2026
30/08/2025,Tottenham,Bournemouth,0,1,A,0,1,A,5,20,1,6,0,8,17,13,2,4,0,0,2025-2026
30/08/2025,Wolves,Everton,2,3,A,1,2,A,12,10,4,4,2,2,15,10,0,1,0,0,2025-2026
30/08/2025,Leeds,Newcastle,0,0,D,0,0,D,10,8,1,2,5,5,10,15,1,1,0,0,2025-2026
31/08/2025,Brighton,Man City,2,1,H,0,1,A,12,12,7,3,3,2,16,14,2,2,0,0,2025-2026
31/08/2025,Nott'm Forest,West Ham,0,3,A,0,0,D,11,12,3,8,9,7,14,6,0,0,0,0,2025-2026
31/08/2025,Liverpool,Arsenal,1,0,H,0,0,D,9,11,3,1,3,8,7,10,2,2,0,0,2025-2026
31/08/2025,Aston Villa,Crystal Palace,0,3,A,0,1,A,13,6,4,4,10,1,7,14,2,3,0,0,2025-2026
13/09/2025,Arsenal,Nott'm Forest,3,0,H,1,0,H,16,5,5,1,8,4,8,11,1,1,0,0,2025-2026
13/09/2025,Bournemouth,Brighton,2,1,H,1,0,H,13,6,5,2,4,4,16,10,4,4,0,0,2025-2026
13/09/2025,Crystal Palace,Sunderland,0,0,D,0,0,D,14,6,6,0,5,3,10,8,1,1,0,0,2025-2026
13/09/2025,Everton,Aston Villa,0,0,D,0,0,D,20,7,2,1,10,3,17,15,3,3,0,0,2025-2026
13/09/2025,Fulham,Leeds,1,0,H,0,0,D,5,10,3,3,3,3,20,15,1,2,0,0,2025-2026
13/09/2025,Newcastle,Wolves,1,0,H,1,0,H,16,8,4,3,10,4,10,17,1,4,0,0,2025-2026
13/09/2025,West Ham,Tottenham,0,3,A,0,0,D,7,14,4,5,2,13,8,7,0,1,1,0,2025-2026
13/09/2025,Brentford,Chelsea,2,2,D,1,0,H,7,16,4,6,5,6,13,9,3,2,0,0,2025-2026
14/09/2025,Burnley,Liverpool,0,1,A,0,0,D,3,27,0,4,1,13,9,9,0,2,0,0,2025-2026
14/09/2025,Man City,Man United,3,0,H,1,0,H,13,12,6,2,2,4,8,8,0,0,0,0,2025-2026
20/09/2025,Liverpool,Everton,2,1,H,2,0,H,11,9,3,2,5,4,11,10,2,3,0,0,2025-2026
20/09/2025,Brighton,Tottenham,2,2,D,2,1,H,12,11,4,3,2,10,10,13,1,2,0,0,2025-2026
20/09/2025,Burnley,Nott'm Forest,1,1,D,1,1,D,12,17,5,8,4,5,12,11,1,1,0,0,2025-2026
20/09/2025,West Ham,Crystal Palace,1,2,A,0,1,A,8,18,3,3,8,8,15,5,3,3,0,0,2025-2026
20/09/2025,Wolves,Leeds,1,3,A,1,3,A,16,6,6,4,4,0,11,9,1,1,0,0,2025-2026
20/09/2025,Man United,Chelsea,2,1,H,2,0,H,11,5,4,1,5,5,13,14,0,5,1,1,2025-2026
20/09/2025,Fulham,Brentford,3,1,H,2,1,H,14,8,3,3,2,10,11,13,4,1,0,0,2025-2026
21/09/2025,Bournemouth,Newcastle,0,0,D,0,0,D,11,4,2,1,5,2,7,10,2,1,0,0,2025-2026
21/09/2025,Sunderland,Aston Villa,1,1,D,0,0,D,14,12,4,2,6,5,14,8,2,1,1,0,2025-2026
21/09/2025,Arsenal,Man City,1,1,D,0,1,A,12,5,3,3,11,2,11,10,1,2,0,0,2025-2026
27/09/2025,Brentford,Man United,3,1,H,2,1,H,10,14,8,6,4,2,14,10,2,2,0,0,2025-2026
27/09/2025,Chelsea,Brighton,1,3,A,1,0,H,13,12,3,3,5,7,9,16,3,5,1,0,2025-2026
27/09/2025,Crystal Palace,Liverpool,2,1,H,1,0,H,16,20,7,4,2,6,10,8,1,3,0,0,2025-2026
27/09/2025,Leeds,Bournemouth,2,2,D,1,1,D,19,12,8,5,7,4,12,13,2,2,0,0,2025-2026
27/09/2025,Man City,Burnley,5,1,H,1,1,D,21,9,8,2,10,2,5,7,1,3,0,0,2025-2026
27/09/2025,Nott'm Forest,Sunderland,0,1,A,0,1,A,22,11,6,3,7,4,11,6,4,2,0,0,2025-2026
27/09/2025,Tottenham,Wolves,1,1,D,0,0,D,10,9,3,3,10,9,9,11,3,2,0,0,2025-2026
28/09/2025,Aston Villa,Fulham,3,1,H,1,1,D,9,11,4,4,2,8,10,13,1,4,0,0,2025-2026
28/09/2025,Newcastle,Arsenal,1,2,A,1,0,H,8,20,3,7,7,12,8,9,2,1,0,0,2025-2026
29/09/2025,Everton,West Ham,1,1,D,1,0,H,12,14,6,3,3,5,7,16,3,4,0,0,2025-2026
03/10/2025,Bournemouth,Fulham,3,1,H,0,0,D,11,12,6,4,4,3,8,10,0,1,0,0,2025-2026
04/10/2025,Leeds,Tottenham,1,2,A,1,1,D,16,9,4,3,4,1,10,12,2,3,0,0,2025-2026
04/10/2025,Arsenal,West Ham,2,0,H,1,0,H,21,4,5,0,8,3,14,14,0,2,0,0,2025-2026
04/10/2025,Man United,Sunderland,2,0,H,2,0,H,15,8,6,3,2,3,10,12,1,4,0,0,2025-2026
04/10/2025,Chelsea,Liverpool,2,1,H,1,0,H,12,12,6,2,7,2,9,8,0,2,0,0,2025-2026
05/10/2025,Aston Villa,Burnley,2,1,H,1,0,H,15,5,7,2,6,4,9,15,3,1,0,0,2025-2026
05/10/2025,Everton,Crystal Palace,2,1,H,0,1,A,14,15,7,8,2,4,13,16,2,3,0,0,2025-2026
05/10/2025,Newcastle,Nott'm Forest,2,0,H,0,0,D,18,5,9,4,8,1,16,15,0,4,0,0,2025-2026
05/10/2025,Wolves,Brighton,1,1,D,1,0,H,6,17,3,6,2,8,13,9,2,4,0,0,2025-2026
05/10/2025,Brentford,Man City,0,1,A,0,1,A,6,10,1,4,3,2,10,6,3,2,0,0,2025-2026
18/10/2025,Nott'm Forest,Chelsea,0,3,A,0,0,D,12,17,2,6,5,2,13,16,2,2,0,1,2025-2026
18/10/2025,Brighton,Newcastle,2,1,H,1,0,H,13,16,5,3,8,4,9,9,0,1,0,0,2025-2026
18/10/2025,Burnley,Leeds,2,0,H,1,0,H,4,19,3,4,1,5,10,7,2,1,0,0,2025-2026
18/10/2025,Crystal Palace,Bournemouth,3,3,D,0,2,A,20,8,7,5,6,5,8,16,1,4,0,0,2025-2026
18/10/2025,Man City,Everton,2,0,H,0,0,D,19,5,7,1,11,3,8,14,0,2,0,0,2025-2026
18/10/2025,Sunderland,Wolves,2,0,H,1,0,H,8,16,2,3,3,2,5,12,0,0,0,0,2025-2026
18/10/2025,Fulham,Arsenal,0,1,A,0,0,D,9,16,0,5,6,10,11,4,0,0,0,0,2025-2026
19/10/2025,Tottenham,Aston Villa,1,2,A,1,1,D,9,8,3,2,6,6,11,7,2,0,0,0,2025-2026
19/10/2025,Liverpool,Man United,1,2,A,0,1,A,19,12,6,4,9,4,8,14,0,2,0,0,2025-2026
20/10/2025,West Ham,Brentford,0,2,A,0,1,A,7,22,1,7,6,10,10,10,1,1,0,0,2025-2026
24/10/2025,Leeds,West Ham,2,1,H,2,0,H,13,9,5,3,3,4,12,11,3,3,0,0,2025-2026
25/10/2025,Chelsea,Sunderland,1,2,A,1,1,D,16,10,7,4,9,1,15,13,1,1,0,0,2025-2026
25/10/2025,Newcastle,Fulham,2,1,H,1,0,H,18,12,7,5,4,3,11,18,0,2,0,0,2025-2026
25/10/2025,Man United,Brighton,4,2,H,2,0,H,13,17,9,5,1,6,4,13,2,2,0,0,2025-2026
25/10/2025,Brentford,Liverpool,3,2,H,2,1,H,17,18,8,5,5,4,7,10,3,2,0,0,2025-2026
26/10/2025,Arsenal,Crystal Palace,1,0,H,1,0,H,10,7,3,1,4,3,6,11,0,0,0,0,2025-2026
26/10/2025,Aston Villa,Man City,1,0,H,1,0,H,9,18,3,4,5,6,8,16,1,4,0,0,2025-2026
26/10/2025,Bournemouth,Nott'm Forest,2,0,H,2,0,H,13,8,5,4,6,4,17,7,3,1,0,0,2025-2026
26/10/2025,Wolves,Burnley,2,3,A,2,2,D,15,11,7,7,5,3,12,7,1,0,0,0,2025-2026
26/10/2025,Everton,Tottenham,0,3,A,0,2,A,12,7,2,4,9,8,9,8,2,0,0,0,2025-2026
01/11/2025,Brighton,Leeds,3,0,H,1,0,H,14,5,7,2,4,7,10,7,0,1,0,0,2025-2026
01/11/2025,Burnley,Arsenal,0,2,A,0,2,A,3,12,0,8,1,6,10,13,2,1,0,0,2025-2026
01/11/2025,Crystal Palace,Brentford,2,0,H,1,0,H,9,6,2,2,6,5,7,11,0,3,0,0,2025-2026
01/11/2025,Fulham,Wolves,3,0,H,1,0,H,19,5,6,2,10,1,13,14,1,3,0,1,2025-2026
01/11/2025,Nott'm Forest,Man United,2,2,D,0,1,A,17,18,3,7,8,5,10,7,1,1,0,0,2025-2026
01/11/2025,Tottenham,Chelsea,0,1,A,0,1,A,3,15,1,9,6,5,14,12,4,2,0,0,2025-2026
01/11/2025,Liverpool,Aston Villa,2,0,H,1,0,H,16,10,4,3,1,4,13,11,2,3,0,0,2025-2026
02/11/2025,West Ham,Newcastle,3,1,H,2,1,H,15,12,9,4,7,6,5,10,1,2,0,0,2025-2026
02/11/2025,Man City,Bournemouth,3,1,H,2,1,H,15,8,8,5,10,4,8,11,2,2,0,0,2025-2026
03/11/2025,Sunderland,Everton,1,1,D,0,1,A,17,8,3,2,4,1,10,12,3,2,0,0,2025-2026
08/11/2025,Tottenham,Man United,2,2,D,0,1,A,10,5,4,2,5,3,10,8,5,1,0,0,2025-2026
08/11/2025,Everton,Fulham,2,0,H,1,0,H,14,8,5,4,7,5,11,14,2,2,0,0,2025-2026
08/11/2025,West Ham,Burnley,3,2,H,1,1,D,15,16,6,7,7,4,15,13,2,2,0,0,2025-2026
08/11/2025,Sunderland,Arsenal,2,2,D,1,0,H,6,17,2,7,2,2,13,13,2,1,0,0,2025-2026
08/11/2025,Chelsea,Wolves,3,0,H,0,0,D,20,3,8,0,10,1,12,14,1,2,0,0,2025-2026
09/11/2025,Aston Villa,Bournemouth,4,0,H,2,0,H,16,13,8,4,6,9,8,20,2,2,0,0,2025-2026
09/11/2025,Brentford,Newcastle,3,1,H,0,1,A,15,5,7,1,6,2,10,13,2,1,0,0,2025-2026
09/11/2025,Crystal Palace,Brighton,0,0,D,0,0,D,10,7,2,3,4,8,10,12,1,4,0,0,2025-2026
09/11/2025,Nott'm Forest,Leeds,3,1,H,1,1,D,14,10,6,3,6,4,10,11,2,1,0,0,2025-2026
09/11/2025,Man City,Liverpool,3,0,H,2,0,H,14,7,6,1,7,7,14,15,2,4,0,0,2025-2026
22/11/2025,Burnley,Chelsea,0,2,A,0,1,A,8,15,2,5,1,9,13,8,2,3,0,0,2025-2026
22/11/2025,Bournemouth,West Ham,2,2,D,0,2,A,28,5,10,2,9,2,9,10,3,2,0,0,2025-2026
22/11/2025,Brighton,Brentford,2,1,H,0,1,A,14,10,5,4,7,4,10,9,4,2,0,0,2025-2026
22/11/2025,Fulham,Sunderland,1,0,H,0,0,D,24,4,6,2,7,4,5,13,3,3,0,0,2025-2026
22/11/2025,Liverpool,Nott'm Forest,0,3,A,0,1,A,21,15,4,7,8,6,11,8,2,0,0,0,2025-2026
22/11/2025,Wolves,Crystal Palace,0,2,A,0,0,D,8,10,1,4,1,4,13,9,2,3,0,0,2025-2026
22/11/2025,Newcastle,Man City,2,1,H,0,0,D,9,17,5,4,5,9,13,8,1,3,0,0,2025-2026
23/11/2025,Leeds,Aston Villa,1,2,A,1,0,H,14,14,5,3,3,3,18,16,5,1,0,0,2025-2026
23/11/2025,Arsenal,Tottenham,4,1,H,2,0,H,17,3,8,2,4,1,11,15,1,3,0,0,2025-2026
24/11/2025,Man United,Everton,0,1,A,0,1,A,25,3,6,1,9,1,12,9,2,0,0,1,2025-2026
29/11/2025,Brentford,Burnley,3,1,H,0,0,D,14,6,4,2,5,6,7,7,0,2,0,0,2025-2026
29/11/2025,Man City,Leeds,3,2,H,2,0,H,18,9,9,4,8,1,17,11,4,1,0,0,2025-2026
29/11/2025,Sunderland,Bournemouth,3,2,H,1,2,A,12,18,6,6,6,3,14,13,5,5,0,1,2025-2026
29/11/2025,Everton,Newcastle,1,4,A,0,3,A,10,13,2,8,8,7,4,6,0,0,0,0,2025-2026
29/11/2025,Tottenham,Fulham,1,2,A,0,2,A,14,7,2,3,8,2,11,7,3,2,0,0,2025-2026
30/11/2025,Crystal Palace,Man United,1,2,A,1,0,H,14,14,3,6,4,4,14,14,3,2,0,0,2025-2026
30/11/2025,Aston Villa,Wolves,1,0,H,0,0,D,16,9,6,4,7,3,13,21,0,4,0,0,2025-2026
30/11/2025,Nott'm Forest,Brighton,0,2,A,0,1,A,19,17,3,6,9,2,11,10,0,1,0,0,2025-2026
30/11/2025,West Ham,Liverpool,0,2,A,0,0,D,7,9,0,5,7,2,12,14,1,0,1,0,2025-2026
30/11/2025,Chelsea,Arsenal,1,1,D,0,0,D,11,8,4,4,3,3,12,13,1,6,1,0,2025-2026
02/12/2025,Bournemouth,Everton,0,1,A,0,0,D,5,13,2,3,1,6,14,14,3,3,0,0,2025-2026
02/12/2025,Fulham,Man City,4,5,A,1,3,A,12,11,6,4,7,2,9,7,0,1,0,0,2025-2026
02/12/2025,Newcastle,Tottenham,2,2,D,0,0,D,19,8,7,2,11,8,5,12,0,3,0,0,2025-2026
03/12/2025,Arsenal,Brentford,2,0,H,1,0,H,15,6,7,1,4,8,7,9,0,1,0,0,2025-2026
03/12/2025,Brighton,Aston Villa,3,4,A,2,2,D,16,14,7,10,5,6,10,9,2,2,0,0,2025-2026
03/12/2025,Burnley,Crystal Palace,0,1,A,0,1,A,11,3,4,3,3,4,9,8,0,0,0,0,2025-2026
03/12/2025,Wolves,Nott'm Forest,0,1,A,0,0,D,5,10,1,3,3,9,19,11,2,2,0,0,2025-2026
03/12/2025,Leeds,Chelsea,3,1,H,2,0,H,17,14,5,2,4,2,10,13,1,1,0,0,2025-2026
03/12/2025,Liverpool,Sunderland,1,1,D,0,0,D,23,9,4,6,7,3,10,5,1,1,0,0,2025-2026
04/12/2025,Man United,West Ham,1,1,D,0,0,D,17,11,4,3,6,6,13,9,2,2,0,0,2025-2026
06/12/2025,Aston Villa,Arsenal,2,1,H,1,0,H,15,15,6,9,3,3,10,8,0,2,0,0,2025-2026
06/12/2025,Bournemouth,Chelsea,0,0,D,0,0,D,13,11,5,4,5,0,15,13,0,2,0,0,2025-2026
06/12/2025,Everton,Nott'm Forest,3,0,H,2,0,H,11,7,5,3,6,3,17,15,4,3,0,0,2025-2026
06/12/2025,Man City,Sunderland,3,0,H,2,0,H,18,8,6,1,6,5,9,10,1,0,0,1,2025-2026
06/12/2025,Newcastle,Burnley,2,1,H,2,0,H,17,9,7,3,9,9,9,11,2,2,0,1,2025-2026
06/12/2025,Tottenham,Brentford,2,0,H,2,0,H,15,4,7,1,7,6,8,9,3,4,0,0,2025-2026
06/12/2025,Leeds,Liverpool,3,3,D,0,0,D,12,16,5,7,5,4,14,14,3,3,0,0,2025-2026
07/12/2025,Brighton,West Ham,1,1,D,0,0,D,22,14,4,5,10,6,12,8,2,2,0,0,2025-2026
07/12/2025,Fulham,Crystal Palace,1,2,A,1,1,D,12,11,4,5,6,4,5,8,0,0,0,0,2025-2026
08/12/2025,Wolves,Man United,1,4,A,1,1,D,8,27,2,10,1,9,17,12,3,2,0,0,2025-2026
13/12/2025,Chelsea,Everton,2,0,H,2,0,H,17,11,5,2,4,7,13,11,1,0,0,0,2025-2026
13/12/2025,Liverpool,Brighton,2,0,H,1,0,H,18,14,4,1,2,2,8,15,1,2,0,0,2025-2026
13/12/2025,Burnley,Fulham,2,3,A,1,2,A,16,6,8,4,10,4,8,8,1,2,0,0,2025-2026
13/12/2025,Arsenal,Wolves,2,1,H,0,0,D,16,3,2,2,8,0,7,15,0,4,0,0,2025-2026
14/12/2025,Crystal Palace,Man City,0,3,A,0,1,A,16,7,4,6,2,2,9,6,2,0,0,0,2025-2026
14/12/2025,Nott'm Forest,Tottenham,3,0,H,1,0,H,15,6,6,1,3,3,9,13,1,3,0,0,2025-2026
14/12/2025,Sunderland,Newcastle,1,0,H,0,0,D,5,6,1,2,3,6,10,10,5,4,0,0,2025-2026
14/12/2025,West Ham,Aston Villa,2,3,A,2,1,H,10,7,3,4,5,3,18,13,1,2,0,0,2025-2026
14/12/2025,Brentford,Leeds,1,1,D,0,0,D,7,18,2,4,0,3,8,9,0,0,0,0,2025-2026
15/12/2025,Man United,Bournemouth,4,4,D,2,1,H,25,14,9,9,5,4,15,12,2,3,0,0,2025-2026
20/12/2025,Newcastle,Chelsea,2,2,D,2,0,H,11,13,5,4,6,4,13,14,3,6,0,0,2025-2026
20/12/2025,Bournemouth,Burnley,1,1,D,0,0,D,16,4,1,1,5,3,11,11,1,1,0,0,2025-2026
20/12/2025,Brighton,Sunderland,0,0,D,0,0,D,16,14,4,6,3,4,11,15,2,2,0,0,2025-2026
20/12/2025,Man City,West Ham,3,0,H,2,0,H,17,7,8,3,6,0,16,10,1,1,0,0,2025-2026
20/12/2025,Wolves,Brentford,0,2,A,0,0,D,9,7,2,6,3,4,12,15,2,4,0,0,2025-2026
20/12/2025,Tottenham,Liverpool,1,2,A,0,0,D,15,8,4,4,2,6,9,7,3,3,2,0,2025-2026
20/12/2025,Everton,Arsenal,0,1,A,0,1,A,5,13,1,2,2,3,4,5,2,2,0,0,2025-2026
20/12/2025,Leeds,Crystal Palace,4,1,H,2,0,H,20,9,8,3,9,5,5,10,1,3,0,0,2025-2026
21/12/2025,Aston Villa,Man United,2,1,H,1,1,D,12,15,4,6,5,5,11,14,1,2,0,0,2025-2026
22/12/2025,Fulham,Nott'm Forest,1,0,H,1,0,H,11,12,1,2,1,5,5,9,5,4,0,0,2025-2026
26/12/2025,Man United,Newcastle,1,0,H,1,0,H,10,16,4,3,2,11,9,5,2,1,0,0,2025-2026
27/12/2025,Nott'm Forest,Man City,1,2,A,0,0,D,7,16,2,5,5,5,5,13,1,2,0,0,2025-2026
27/12/2025,Arsenal,Brighton,2,1,H,1,0,H,24,8,6,3,7,2,7,13,2,3,0,0,2025-2026
27/12/2025,Brentford,Bournemouth,4,1,H,2,0,H,15,20,7,10,2,15,9,8,2,2,0,0,2025-2026
27/12/2025,Burnley,Everton,0,0,D,0,0,D,16,15,0,6,6,5,8,8,0,2,0,0,2025-2026
27/12/2025,Liverpool,Wolves,2,1,H,2,0,H,14,9,4,4,6,4,5,13,0,1,0,0,2025-2026
27/12/2025,West Ham,Fulham,0,1,A,0,0,D,11,15,2,4,5,4,8,8,1,3,0,0,2025-2026
27/12/2025,Chelsea,Aston Villa,1,2,A,1,0,H,14,11,3,8,6,7,16,8,5,3,0,0,2025-2026
28/12/2025,Sunderland,Leeds,1,1,D,1,0,H,8,17,3,6,3,9,7,9,1,0,0,0,2025-2026
28/12/2025,Crystal Palace,Tottenham,0,1,A,0,1,A,15,8,2,4,3,2,7,5,3,2,0,0,2025-2026
30/12/2025,Burnley,Newcastle,1,3,A,1,2,A,15,20,4,9,3,4,9,3,2,1,0,0,2025-2026
30/12/2025,Chelsea,Bournemouth,2,2,D,2,2,D,17,17,3,6,12,3,5,12,1,1,0,0,2025-2026
30/12/2025,Nott'm Forest,Everton,0,2,A,0,1,A,21,11,6,3,9,2,11,9,1,0,0,0,2025-2026
30/12/2025,West Ham,Brighton,2,2,D,2,1,H,10,16,4,6,5,5,11,18,3,5,0,0,2025-2026
30/12/2025,Arsenal,Aston Villa,4,1,H,0,0,D,22,11,7,3,3,3,18,9,2,3,0,0,2025-2026
30/12/2025,Man United,Wolves,1,1,D,1,1,D,15,11,6,4,8,4,9,12,0,2,0,0,2025-2026
01/01/2026,Crystal Palace,Fulham,1,1,D,1,0,H,11,17,2,5,6,3,7,10,0,5,0,0,2025-2026
01/01/2026,Liverpool,Leeds,0,0,D,0,0,D,19,4,4,2,8,3,10,8,0,2,0,0,2025-2026
01/01/2026,Brentford,Tottenham,0,0,D,0,0,D,7,9,2,3,3,1,8,10,1,2,0,0,2025-2026
01/01/2026,Sunderland,Man City,0,0,D,0,0,D,10,14,4,4,3,5,9,6,1,1,0,0,2025-2026
03/01/2026,Aston Villa,Nott'm Forest,3,1,H,1,0,H,11,10,4,5,4,4,10,20,1,2,0,0,2025-2026
03/01/2026,Brighton,Burnley,2,0,H,1,0,H,15,5,4,3,4,4,7,17,0,4,0,0,2025-2026
03/01/2026,Wolves,West Ham,3,0,H,3,0,H,11,6,8,0,6,7,11,10,1,0,0,0,2025-2026
03/01/2026,Bournemouth,Arsenal,2,3,A,1,1,D,15,12,3,5,7,5,13,8,3,1,0,0,2025-2026
04/01/2026,Leeds,Man United,1,1,D,0,0,D,11,15,3,2,6,4,9,9,0,1,0,0,2025-2026
04/01/2026,Everton,Brentford,2,4,A,0,1,A,14,11,6,7,4,5,9,8,0,2,0,0,2025-2026
04/01/2026,Newcastle,Crystal Palace,2,0,H,0,0,D,12,11,7,1,8,6,5,12,1,3,0,0,2025-2026
04/01/2026,Tottenham,Sunderland,1,1,D,1,0,H,13,10,5,3,3,5,10,6,2,3,0,0,2025-2026
04/01/2026,Fulham,Liverpool,2,2,D,1,0,H,8,10,2,2,3,8,11,4,1,1,0,0,2025-2026
04/01/2026,Man City,Chelsea,1,1,D,1,0,H,14,8,3,3,8,2,12,14,3,3,0,0,2025-2026
06/01/2026,West Ham,Nott'm Forest,1,2,A,1,0,H,14,13,3,5,6,5,15,9,3,0,0,0,2025-2026
07/01/2026,Bournemouth,Tottenham,3,2,H,2,1,H,11,16,3,4,3,7,19,10,3,3,0,0,2025-2026
07/01/2026,Brentford,Sunderland,3,0,H,1,0,H,18,11,6,3,7,4,13,13,2,1,0,0,2025-2026
07/01/2026,Crystal Palace,Aston Villa,0,0,D,0,0,D,11,15,5,3,3,5,8,3,2,0,0,0,2025-2026
07/01/2026,Everton,Wolves,1,1,D,1,0,H,13,13,2,4,2,7,13,15,1,3,2,0,2025-2026
07/01/2026,Fulham,Chelsea,2,1,H,0,0,D,16,14,5,6,2,11,11,6,3,3,0,1,2025-2026
07/01/2026,Man City,Brighton,1,1,D,1,0,H,22,6,6,3,6,2,6,16,1,6,0,0,2025-2026
07/01/2026,Burnley,Man United,2,2,D,1,0,H,7,30,1,10,2,6,9,8,2,0,0,0,2025-2026
07/01/2026,Newcastle,Leeds,4,3,H,1,2,A,18,14,8,6,8,4,11,10,3,2,0,0,2025-2026
08/01/2026,Arsenal,Liverpool,0,0,D,0,0,D,9,8,4,0,3,0,10,9,2,2,0,0,2025-2026
17/01/2026,Man United,Man City,2,0,H,0,0,D,11,7,7,1,1,6,13,8,2,3,0,0,2025-2026
17/01/2026,Chelsea,Brentford,2,0,H,1,0,H,6,15,2,5,3,9,7,10,3,2,0,0,2025-2026
17/01/2026,Leeds,Fulham,1,0,H,0,0,D,14,8,5,1,7,3,6,11,1,5,0,0,2025-2026
17/01/2026,Liverpool,Burnley,1,1,D,1,0,H,32,7,11,1,9,1,8,10,1,2,0,0,2025-2026
17/01/2026,Sunderland,Crystal Palace,2,1,H,1,1,D,13,6,7,2,3,4,8,15,3,3,0,0,2025-2026
17/01/2026,Tottenham,West Ham,1,2,A,0,1,A,21,17,6,4,11,5,12,17,5,3,0,0,2025-2026
17/01/2026,Nott'm Forest,Arsenal,0,0,D,0,0,D,6,15,0,3,4,9,8,14,1,1,0,0,2025-2026
18/01/2026,Wolves,Newcastle,0,0,D,0,0,D,6,12,2,2,4,7,14,8,2,2,0,0,2025-2026
18/01/2026,Aston Villa,Everton,0,1,A,0,0,D,18,9,5,3,6,4,15,13,1,2,0,0,2025-2026
19/01/2026,Brighton,Bournemouth,1,1,D,0,1,A,17,11,5,2,11,6,7,6,2,3,0,0,2025-2026
24/01/2026,West Ham,Sunderland,3,1,H,3,0,H,13,7,5,2,3,3,9,16,2,4,0,0,2025-2026
24/01/2026,Burnley,Tottenham,2,2,D,1,1,D,9,18,4,11,1,3,8,9,1,0,0,0,2025-2026
24/01/2026,Fulham,Brighton,2,1,H,0,1,A,12,13,4,5,6,6,10,6,1,1,0,0,2025-2026
24/01/2026,Man City,Wolves,2,0,H,2,0,H,11,11,4,1,4,6,16,14,1,3,0,0,2025-2026
24/01/2026,Bournemouth,Liverpool,3,2,H,2,1,H,12,14,5,4,3,11,7,7,1,1,0,0,2025-2026
25/01/2026,Brentford,Nott'm Forest,0,2,A,0,1,A,10,7,1,2,6,5,11,10,1,0,0,0,2025-2026
25/01/2026,Crystal Palace,Chelsea,1,3,A,0,1,A,13,10,7,6,4,5,11,10,2,2,1,0,2025-2026
25/01/2026,Newcastle,Aston Villa,0,2,A,0,1,A,15,14,4,8,6,5,7,12,1,2,0,0,2025-2026
25/01/2026,Arsenal,Man United,2,3,A,1,1,D,15,10,4,3,9,2,11,9,2,0,0,0,2025-2026
26/01/2026,Everton,Leeds,1,1,D,0,1,A,10,14,3,4,4,4,9,13,0,3,0,0,2025-2026
31/01/2026,Brighton,Everton,1,1,D,0,0,D,11,7,2,4,5,2,13,14,1,2,0,0,2025-2026
31/01/2026,Leeds,Arsenal,0,4,A,0,2,A,3,14,1,8,4,12,10,7,1,1,0,0,2025-2026
31/01/2026,Wolves,Bournemouth,0,2,A,0,1,A,17,9,7,4,5,6,11,15,3,3,0,0,2025-2026
31/01/2026,Chelsea,West Ham,3,2,H,0,2,A,14,11,6,6,9,3,11,13,3,2,0,1,2025-2026
31/01/2026,Liverpool,Newcastle,4,1,H,2,1,H,17,8,7,2,7,11,11,7,1,3,0,0,2025-2026
01/02/2026,Aston Villa,Brentford,0,1,A,0,1,A,27,6,5,2,12,1,8,8,0,3,0,0,2025-2026
01/02/2026,Man United,Fulham,3,2,H,1,0,H,13,14,6,6,3,7,6,9,2,1,0,0,2025-2026
01/02/2026,Nott'm Forest,Crystal Palace,1,1,D,1,1,D,9,14,1,3,5,7,4,12,1,3,0,0,2025-2026
01/02/2026,Tottenham,Man City,2,2,D,0,2,A,12,15,6,3,3,4,15,12,3,3,0,0,2025-2026
02/02/2026,Sunderland,Burnley,3,0,H,2,0,H,14,5,5,0,1,2,12,10,1,4,0,0,2025-2026
06/02/2026,Leeds,Nott'm Forest,3,1,H,2,0,H,14,16,5,6,5,10,9,12,1,1,0,0,2025-2026
07/02/2026,Man United,Tottenham,2,0,H,1,0,H,23,7,10,1,7,0,12,11,1,2,0,1,2025-2026
07/02/2026,Arsenal,Sunderland,3,0,H,1,0,H,16,5,5,3,5,2,11,8,1,2,0,0,2025-2026
07/02/2026,Bournemouth,Aston Villa,1,1,D,0,1,A,20,7,9,4,11,4,4,11,1,1,0,0,2025-2026
07/02/2026,Burnley,West Ham,0,2,A,0,2,A,18,6,5,4,5,2,11,10,3,1,0,0,2025-2026
07/02/2026,Fulham,Everton,1,2,A,1,0,H,13,16,3,3,6,6,11,12,1,5,0,0,2025-2026
07/02/2026,Wolves,Chelsea,1,3,A,0,3,A,11,15,3,6,3,4,9,10,1,1,0,0,2025-2026
07/02/2026,Newcastle,Brentford,2,3,A,1,2,A,16,11,4,5,9,3,14,18,2,2,0,0,2025-2026
08/02/2026,Brighton,Crystal Palace,0,1,A,0,0,D,7,7,2,4,3,4,12,9,1,3,0,0,2025-2026
08/02/2026,Liverpool,Man City,1,2,A,0,0,D,15,17,4,7,5,4,13,16,2,4,1,0,2025-2026
10/02/2026,Chelsea,Leeds,2,2,D,1,0,H,19,4,4,2,4,1,9,13,4,4,0,0,2025-2026
10/02/2026,Everton,Bournemouth,1,2,A,1,0,H,16,11,6,4,7,2,14,15,1,3,1,0,2025-2026
10/02/2026,Tottenham,Newcastle,1,2,A,0,1,A,16,21,2,5,2,12,15,11,3,2,0,0,2025-2026
10/02/2026,West Ham,Man United,1,1,D,0,0,D,7,9,3,3,5,3,10,4,1,1,0,0,2025-2026
11/02/2026,Aston Villa,Brighton,1,0,H,0,0,D,15,9,1,3,7,5,9,15,2,3,0,0,2025-2026
11/02/2026,Crystal Palace,Burnley,2,3,A,2,3,A,21,8,3,3,8,2,11,8,2,1,0,0,2025-2026
11/02/2026,Man City,Fulham,3,0,H,3,0,H,13,14,5,3,4,4,8,10,3,1,0,0,2025-2026
11/02/2026,Nott'm Forest,Wolves,0,0,D,0,0,D,35,7,10,3,8,2,12,13,0,2,0,0,2025-2026
11/02/2026,Sunderland,Liverpool,0,1,A,0,0,D,11,23,2,3,3,11,8,10,1,0,0,0,2025-2026
12/02/2026,Brentford,Arsenal,1,1,D,0,0,D,12,7,3,2,6,4,12,11,3,2,0,0,2025-2026
18/02/2026,Wolves,Arsenal,2,2,D,0,1,A,5,10,2,4,1,3,6,8,2,1,0,0,2025-2026
21/02/2026,Aston Villa,Leeds,1,1,D,0,1,A,16,14,4,4,7,2,11,16,1,4,0,0,2025-2026
21/02/2026,Brentford,Brighton,0,2,A,0,2,A,13,11,3,7,6,4,9,14,1,2,0,0,2025-2026
21/02/2026,Chelsea,Burnley,1,1,D,1,0,H,12,12,2,4,9,5,13,11,2,2,1,0,2025-2026
21/02/2026,West Ham,Bournemouth,0,0,D,0,0,D,20,10,3,5,9,5,10,11,1,1,0,0,2025-2026
21/02/2026,Man City,Newcastle,2,1,H,2,1,H,15,13,7,7,5,5,12,13,2,5,0,0,2025-2026
22/02/2026,Crystal Palace,Wolves,1,0,H,0,0,D,14,12,3,7,7,3,19,13,5,1,0,1,2025-2026
22/02/2026,Nott'm Forest,Liverpool,0,1,A,0,0,D,18,10,2,4,7,2,13,9,2,0,0,0,2025-2026
22/02/2026,Sunderland,Fulham,1,3,A,0,0,D,12,12,2,4,6,4,6,13,1,1,0,0,2025-2026
22/02/2026,Tottenham,Arsenal,1,4,A,1,1,D,6,20,5,7,2,5,17,11,2,1,0,0,2025-2026
23/02/2026,Everton,Man United,0,1,A,0,0,D,12,11,4,3,10,1,12,7,2,3,0,0,2025-2026
27/02/2026,Wolves,Aston Villa,2,0,H,0,0,D,9,14,2,5,0,5,13,19,3,3,0,0,2025-2026
28/02/2026,Bournemouth,Sunderland,1,1,D,0,1,A,21,8,5,4,7,3,15,12,4,2,0,0,2025-2026
28/02/2026,Burnley,Brentford,3,4,A,1,3,A,12,16,3,7,4,8,9,9,2,2,0,0,2025-2026
28/02/2026,Liverpool,West Ham,5,2,H,3,0,H,18,11,7,4,10,5,12,11,2,2,0,0,2025-2026
28/02/2026,Newcastle,Everton,2,3,A,1,2,A,17,9,7,5,7,2,15,7,2,3,0,0,2025-2026
28/02/2026,Leeds,Man City,0,1,A,0,1,A,14,14,2,5,5,3,10,8,0,3,0,0,2025-2026
01/03/2026,Brighton,Nott'm Forest,2,1,H,2,1,H,14,13,7,4,4,4,12,13,3,1,0,0,2025-2026
01/03/2026,Fulham,Tottenham,2,1,H,2,0,H,18,13,4,1,5,8,11,14,3,3,0,0,2025-2026
01/03/2026,Man United,Crystal Palace,2,1,H,0,1,A,20,8,11,3,7,1,13,12,2,2,0,1,2025-2026
01/03/2026,Arsenal,Chelsea,2,1,H,1,1,D,12,9,5,3,5,10,11,14,1,3,0,1,2025-2026
03/03/2026,Bournemouth,Brentford,0,0,D,0,0,D,13,5,2,2,4,3,9,10,2,1,0,0,2025-2026
03/03/2026,Everton,Burnley,2,0,H,1,0,H,14,5,5,2,6,3,10,12,0,1,0,0,2025-2026
03/03/2026,Leeds,Sunderland,0,1,A,0,0,D,18,3,4,1,9,2,15,19,1,3,0,0,2025-2026
03/03/2026,Wolves,Liverpool,2,1,H,0,0,D,4,19,3,7,2,11,10,13,2,1,0,0,2025-2026
04/03/2026,Aston Villa,Chelsea,1,4,A,1,2,A,9,15,4,8,3,8,10,9,3,2,0,0,2025-2026
04/03/2026,Brighton,Arsenal,0,1,A,0,1,A,11,7,3,2,4,3,14,12,4,1,0,0,2025-2026
04/03/2026,Fulham,West Ham,0,1,A,0,0,D,13,9,5,3,7,5,14,12,2,4,0,0,2025-2026
04/03/2026,Man City,Nott'm Forest,2,2,D,1,0,H,21,9,7,4,6,1,10,6,0,4,0,0,2025-2026
04/03/2026,Newcastle,Man United,2,1,H,1,1,D,12,14,5,5,2,4,15,16,2,3,1,0,2025-2026
05/03/2026,Tottenham,Crystal Palace,1,3,A,1,3,A,12,9,4,4,6,3,14,14,3,2,0,0,2025-2026
14/03/2026,Burnley,Bournemouth,0,0,D,0,0,D,15,22,2,3,5,8,11,5,1,0,0,0,2025-2026
14/03/2026,Sunderland,Brighton,0,1,A,0,0,D,14,12,4,4,7,3,7,12,1,2,0,0,2025-2026
14/03/2026,Arsenal,Everton,2,0,H,0,0,D,25,9,7,3,8,3,11,12,0,0,0,0,2025-2026
14/03/2026,Chelsea,Newcastle,0,1,A,0,1,A,22,7,3,5,8,1,9,10,2,2,0,0,2025-2026
14/03/2026,West Ham,Man City,1,1,D,1,1,D,1,24,1,6,1,15,14,5,2,2,0,0,2025-2026
15/03/2026,Crystal Palace,Leeds,0,0,D,0,0,D,12,10,0,3,8,3,12,11,2,1,0,1,2025-2026
15/03/2026,Man United,Aston Villa,3,1,H,0,0,D,16,9,6,2,6,6,10,5,3,2,0,0,2025-2026
15/03/2026,Nott'm Forest,Fulham,0,0,D,0,0,D,11,5,2,0,5,4,8,10,2,3,0,0,2025-2026
15/03/2026,Liverpool,Tottenham,1,1,D,1,0,H,17,13,4,7,3,4,8,13,0,0,0,0,2025-2026
16/03/2026,Brentford,Wolves,2,2,D,2,1,H,10,13,3,4,1,5,12,10,2,4,0,0,2025-2026
20/03/2026,Bournemouth,Man United,2,2,D,0,0,D,16,14,5,5,6,8,10,9,2,2,0,1,2025-2026
21/03/2026,Brighton,Liverpool,2,1,H,1,1,D,16,12,7,5,4,8,11,11,5,5,0,0,2025-2026
21/03/2026,Fulham,Burnley,3,1,H,0,0,D,22,9,6,5,6,6,6,9,2,2,0,1,2025-2026
21/03/2026,Everton,Chelsea,3,0,H,1,0,H,10,12,9,4,3,9,6,7,0,2,0,0,2025-2026
21/03/2026,Leeds,Brentford,0,0,D,0,0,D,14,6,4,2,6,2,6,9,2,0,0,0,2025-2026
22/03/2026,Newcastle,Sunderland,1,2,A,1,0,H,16,17,4,7,9,5,8,19,1,6,0,0,2025-2026
22/03/2026,Aston Villa,West Ham,2,0,H,1,0,H,23,9,7,1,6,6,3,7,0,1,0,0,2025-2026
22/03/2026,Tottenham,Nott'm Forest,0,3,A,0,1,A,14,8,3,7,13,3,13,13,1,2,0,0,2025-2026
10/04/2026,West Ham,Wolves,4,0,H,1,0,H,18,14,7,3,5,2,11,7,2,2,0,0,2025-2026
11/04/2026,Arsenal,Bournemouth,1,2,A,1,1,D,15,8,3,3,10,1,12,18,1,3,0,0,2025-2026
11/04/2026,Brentford,Everton,2,2,D,1,1,D,17,14,4,7,2,3,6,7,0,2,0,0,2025-2026
11/04/2026,Burnley,Brighton,0,2,A,0,1,A,10,13,5,6,8,2,7,11,2,1,0,0,2025-2026
11/04/2026,Liverpool,Fulham,2,0,H,2,0,H,18,19,5,4,6,9,10,4,0,0,0,0,2025-2026
12/04/2026,Crystal Palace,Newcastle,2,1,H,0,1,A,11,7,5,3,2,4,17,12,0,3,0,0,2025-2026
12/04/2026,Nott'm Forest,Aston Villa,1,1,D,1,1,D,15,12,4,5,7,3,15,10,2,2,0,0,2025-2026
12/04/2026,Sunderland,Tottenham,1,0,H,0,0,D,13,11,2,7,2,6,14,15,3,3,0,0,2025-2026
12/04/2026,Chelsea,Man City,0,3,A,0,0,D,12,18,3,8,4,12,10,14,3,1,0,0,2025-2026
13/04/2026,Man United,Leeds,1,2,A,0,2,A,20,15,9,6,11,4,12,15,3,2,1,0,2025-2026
18/04/2026,Brentford,Fulham,0,0,D,0,0,D,13,11,4,0,9,3,8,13,0,1,0,0,2025-2026
18/04/2026,Leeds,Wolves,3,0,H,2,0,H,17,7,6,2,5,6,9,17,2,1,0,0,2025-2026
18/04/2026,Newcastle,Bournemouth,1,2,A,0,1,A,12,12,3,3,2,3,11,12,2,4,0,0,2025-2026
18/04/2026,Tottenham,Brighton,2,2,D,1,1,D,13,10,6,3,7,5,14,14,3,1,0,0,2025-2026
18/04/2026,Chelsea,Man United,0,1,A,0,1,A,21,4,3,1,7,1,12,13,1,3,0,0,2025-2026
19/04/2026,Aston Villa,Sunderland,4,3,H,2,1,H,15,10,7,7,4,5,11,11,1,3,0,0,2025-2026
19/04/2026,Everton,Liverpool,1,2,A,0,1,A,10,14,4,6,1,6,8,12,2,0,0,0,2025-2026
19/04/2026,Nott'm Forest,Burnley,4,1,H,0,1,A,10,4,4,3,4,4,8,12,0,2,0,0,2025-2026
19/04/2026,Man City,Arsenal,2,1,H,1,1,D,15,9,5,3,8,5,5,12,2,2,0,0,2025-2026
20/04/2026,Crystal Palace,West Ham,0,0,D,0,0,D,9,9,1,4,4,6,13,12,2,1,0,0,2025-2026
21/04/2026,Brighton,Chelsea,3,0,H,1,0,H,15,6,9,0,6,5,15,6,1,1,0,0,2025-2026
22/04/2026,Bournemouth,Leeds,2,2,D,0,0,D,17,10,7,3,12,1,6,10,3,0,0,0,2025-2026
22/04/2026,Burnley,Man City,0,1,A,0,1,A,9,28,1,9,3,11,10,12,0,0,0,0,2025-2026
24/04/2026,Sunderland,Nott'm Forest,0,5,A,0,4,A,14,10,4,6,3,6,13,15,2,5,0,0,2025-2026
25/04/2026,Fulham,Aston Villa,1,0,H,1,0,H,13,10,6,1,2,5,14,12,2,2,0,0,2025-2026
25/04/2026,Liverpool,Crystal Palace,3,1,H,2,0,H,9,14,3,7,5,8,10,10,1,3,0,0,2025-2026
25/04/2026,West Ham,Everton,2,1,H,0,0,D,10,11,3,3,3,4,9,11,3,4,0,0,2025-2026
25/04/2026,Wolves,Tottenham,0,1,A,0,0,D,11,11,2,2,5,5,8,14,3,4,0,0,2025-2026
25/04/2026,Arsenal,Newcastle,1,0,H,1,0,H,11,13,4,3,7,2,13,10,2,2,0,0,2025-2026
27/04/2026,Man United,Brentford,2,1,H,2,0,H,11,12,6,4,7,8,6,9,2,4,0,0,2025-2026
01/05/2026,Leeds,Burnley,3,1,H,1,0,H,18,9,8,3,5,0,12,11,4,3,0,0,2025-2026
02/05/2026,Brentford,West Ham,3,0,H,1,0,H,14,13,6,4,2,6,8,12,1,3,0,0,2025-2026
02/05/2026,Newcastle,Brighton,3,1,H,2,0,H,13,13,6,4,2,10,10,12,3,3,0,0,2025-2026
02/05/2026,Wolves,Sunderland,1,1,D,0,1,A,20,10,7,2,6,3,11,11,0,4,0,1,2025-2026
02/05/2026,Arsenal,Fulham,3,0,H,3,0,H,18,10,9,1,3,4,7,12,0,1,0,0,2025-2026
03/05/2026,Bournemouth,Crystal Palace,3,0,H,2,0,H,16,7,5,1,7,1,10,11,0,2,0,0,2025-2026
03/05/2026,Man United,Liverpool,3,2,H,2,0,H,18,13,6,5,3,2,12,11,2,2,0,0,2025-2026
03/05/2026,Aston Villa,Tottenham,1,2,A,0,2,A,5,10,1,5,5,5,12,12,2,5,0,0,2025-2026
04/05/2026,Chelsea,Nott'm Forest,1,3,A,0,2,A,21,6,5,4,10,1,12,10,3,1,0,0,2025-2026
04/05/2026,Everton,Man City,3,3,D,0,1,A,14,21,6,4,5,9,15,5,4,1,0,0,2025-2026
09/05/2026,Liverpool,Chelsea,1,1,D,1,1,D,8,6,3,3,5,2,17,17,2,4,0,0,2025-2026
09/05/2026,Brighton,Wolves,3,0,H,2,0,H,14,5,6,1,7,1,9,11,1,2,0,0,2025-2026
09/05/2026,Fulham,Bournemouth,0,1,A,0,0,D,14,10,2,5,11,2,12,21,4,2,1,1,2025-2026
09/05/2026,Sunderland,Man United,0,0,D,0,0,D,15,11,4,1,7,8,12,12,0,3,0,0,2025-2026
09/05/2026,Man City,Brentford,3,0,H,0,0,D,25,4,10,2,10,2,8,14,4,2,0,0,2025-2026
10/05/2026,Burnley,Aston Villa,2,2,D,1,1,D,15,18,6,7,2,8,18,8,1,1,0,0,2025-2026
10/05/2026,Crystal Palace,Everton,2,2,D,1,1,D,21,13,8,6,5,10,5,13,0,2,0,0,2025-2026
10/05/2026,Nott'm Forest,Newcastle,1,1,D,0,0,D,17,16,6,6,2,1,16,11,2,0,0,0,2025-2026
10/05/2026,West Ham,Arsenal,0,1,A,0,0,D,9,15,3,4,4,3,14,12,3,4,0,0,2025-2026
11/05/2026,Tottenham,Leeds,1,1,D,0,0,D,16,11,3,4,14,2,12,7,3,1,0,0,2025-2026
13/05/2026,Man City,Crystal Palace,3,0,H,2,0,H,15,6,4,2,9,4,10,7,0,2,0,0,2025-2026
15/05/2026,Aston Villa,Liverpool,4,2,H,1,0,H,14,16,9,5,4,9,12,9,3,1,0,0,2025-2026
17/05/2026,Man United,Nott'm Forest,3,2,H,1,0,H,29,11,8,4,7,6,11,5,2,1,0,0,2025-2026
17/05/2026,Brentford,Crystal Palace,2,2,D,1,1,D,14,16,3,5,9,4,7,5,1,3,0,0,2025-2026
17/05/2026,Everton,Sunderland,1,3,A,1,0,H,10,7,4,3,3,2,14,9,3,0,0,0,2025-2026
17/05/2026,Leeds,Brighton,1,0,H,0,0,D,7,19,1,8,7,8,9,7,1,0,0,0,2025-2026
17/05/2026,Wolves,Fulham,1,1,D,1,1,D,11,13,3,5,3,6,20,8,1,0,0,0,2025-2026
17/05/2026,Newcastle,West Ham,3,1,H,2,0,H,15,15,7,8,9,1,8,11,1,3,0,0,2025-2026
18/05/2026,Arsenal,Burnley,1,0,H,1,0,H,13,5,3,0,3,3,7,16,1,3,0,0,2025-2026
19/05/2026,Bournemouth,Man City,1,1,D,1,0,H,10,14,2,5,7,6,16,7,4,2,0,0,2025-2026
19/05/2026,Chelsea,Tottenham,2,1,H,1,0,H,9,9,4,3,3,4,11,18,4,3,0,0,2025-2026
24/05/2026,Brighton,Man United,0,3,A,0,2,A,13,11,2,7,0,3,11,8,0,1,0,0,2025-2026
24/05/2026,Burnley,Wolves,1,1,D,0,1,A,16,16,8,4,7,7,10,11,2,2,0,0,2025-2026
24/05/2026,Crystal Palace,Arsenal,1,2,A,0,1,A,8,17,3,7,3,4,9,12,0,1,0,0,2025-2026
24/05/2026,Fulham,Newcastle,2,0,H,1,0,H,21,7,6,2,6,6,13,6,2,2,0,0,2025-2026
24/05/2026,Liverpool,Brentford,1,1,D,0,0,D,24,11,8,2,14,2,9,9,2,3,0,0,2025-2026
24/05/2026,Man City,Aston Villa,1,2,A,1,0,H,16,12,3,5,9,4,8,4,1,0,0,0,2025-2026
24/05/2026,Nott'm Forest,Bournemouth,1,1,D,1,0,H,15,17,5,4,6,3,11,7,1,1,0,0,2025-2026
24/05/2026,Sunderland,Chelsea,2,1,H,1,0,H,20,10,2,1,7,7,15,18,3,2,0,0,2025-2026
24/05/2026,Tottenham,Everton,1,0,H,1,0,H,21,8,6,3,6,2,15,12,5,3,0,1,2025-2026
24/05/2026,West Ham,Leeds,3,0,H,0,0,D,16,13,9,3,6,4,11,14,0,3,0,0,2025-2026
